,user_id,tag_id,user_reputation
0,2548153.0,1498,2529.0
1,171453.0,1356,153.0
2,3873799.0,1294,115.0
3,3873799.0,228,115.0
4,3873799.0,229,115.0
5,3873799.0,109,115.0
6,3873799.0,230,115.0
7,2773461.0,1332,78.0
8,2773461.0,288,78.0
9,2773461.0,168,78.0
10,2180785.0,1338,7301.0
11,2180785.0,360,7301.0
12,2535843.0,1378,519.0
13,2535843.0,614,519.0
14,3304514.0,1377,52.0
15,3304514.0,567,52.0
16,3304514.0,1091,52.0
17,183240.0,1404,1554.0
18,183240.0,1228,1554.0
19,3633250.0,1428,2280.0
20,3633250.0,214,2280.0
21,3633250.0,35,2280.0
22,2541276.0,1388,587.0
23,2541276.0,485,587.0
24,2063329.0,1483,147.0
25,2063329.0,1174,147.0
26,2869337.0,1278,1509.0
27,2869337.0,8,1509.0
28,2869337.0,605,1509.0
29,2869337.0,10,1509.0
30,337568.0,1488,115.0
31,337568.0,1196,115.0
32,337568.0,1201,115.0
33,1831530.0,1307,3608.0
34,9265662.0,1379,48.0
35,9265662.0,847,48.0
36,9265662.0,598,48.0
37,9265662.0,439,48.0
38,43534.0,1404,7540.0
39,43534.0,781,7540.0
40,43534.0,1104,7540.0
41,1762073.0,1283,500.0
42,1762073.0,29,500.0
43,883742.0,1409,24.0
44,883742.0,864,24.0
45,883742.0,512,24.0
46,883742.0,302,24.0
47,883742.0,997,24.0
48,9039646.0,1418,53.0
49,9039646.0,1206,53.0
50,3761561.0,1457,3.0
51,9319140.0,1347,21.0
52,9319140.0,389,21.0
53,267741.0,1382,355.0
54,267741.0,942,355.0
55,267741.0,487,355.0
56,267741.0,450,355.0
57,267741.0,923,355.0
58,2293177.0,1371,175.0
59,2293177.0,62,175.0
60,2293177.0,65,175.0
61,39677.0,1435,86353.0
62,39677.0,1215,86353.0
63,39677.0,925,86353.0
64,8935627.0,1297,17.0
65,8935627.0,142,17.0
66,8570881.0,1293,20.0
67,8570881.0,606,20.0
68,8570881.0,82,20.0
69,8570881.0,85,20.0
70,8570881.0,983,20.0
71,1008919.0,1325,141.0
72,1008919.0,78,141.0
73,1008919.0,979,141.0
74,836292.0,1408,36.0
75,6537906.0,1360,1.0
76,6537906.0,481,1.0
77,4671754.0,1424,3054.0
78,4671754.0,259,3054.0
79,4671754.0,789,3054.0
80,7065723.0,1457,120.0
81,7065723.0,812,120.0
82,152491.0,1424,366.0
83,152491.0,792,366.0
84,152491.0,535,366.0
85,1117556.0,1424,11.0
86,1117556.0,1035,11.0
87,249548.0,1296,2428.0
88,6834283.0,1310,11.0
89,6834283.0,107,11.0
90,6834283.0,374,11.0
91,6834283.0,723,11.0
92,6834283.0,684,11.0
93,9170199.0,1428,97.0
94,9170199.0,106,97.0
95,9170199.0,902,97.0
96,9170199.0,784,97.0
97,5356153.0,1310,37.0
98,5356153.0,1,37.0
99,5356153.0,322,37.0
100,5356153.0,2,37.0
101,5356153.0,415,37.0
102,28451.0,1441,2053.0
103,637142.0,1310,10531.0
104,637142.0,1068,10531.0
105,9291394.0,1428,4.0
106,9291394.0,893,4.0
107,9291394.0,677,4.0
108,2589312.0,1435,119.0
109,2589312.0,1130,119.0
110,2589312.0,941,119.0
111,2589312.0,1191,119.0
112,567420.0,1454,763.0
113,567420.0,1042,763.0
114,567420.0,1043,763.0
115,567420.0,1045,763.0
116,567420.0,1046,763.0
117,7506938.0,1310,3.0
118,7506938.0,107,3.0
119,7506938.0,479,3.0
120,1193487.0,1500,501.0
121,1193487.0,1219,501.0
122,1193487.0,708,501.0
123,1193487.0,528,501.0
124,719554.0,1405,795.0
125,4745612.0,1311,2748.0
126,4745612.0,445,2748.0
127,4745612.0,681,2748.0
128,4745612.0,652,2748.0
129,5294459.0,1350,16.0
130,5294459.0,402,16.0
131,5294459.0,403,16.0
132,6189412.0,1379,109.0
133,6189412.0,606,109.0
134,6189412.0,62,109.0
135,6189412.0,1130,109.0
136,5181455.0,1373,26.0
137,1779488.0,1388,2599.0
138,6071871.0,1458,129.0
139,340404.0,1512,173.0
140,9362325.0,1377,5.0
141,9362325.0,1091,5.0
142,9362325.0,1171,5.0
143,9362325.0,1154,5.0
144,9362325.0,1151,5.0
145,1757805.0,1312,3643.0
146,1757805.0,25,3643.0
147,1757805.0,668,3643.0
148,2115971.0,1477,2069.0
149,2115971.0,1215,2069.0
150,4301424.0,1431,70.0
151,4301424.0,1011,70.0
152,6644572.0,1486,62.0
153,6644572.0,391,62.0
154,6644572.0,655,62.0
155,5411503.0,1377,577.0
156,5411503.0,934,577.0
157,5411503.0,927,577.0
158,2893903.0,1378,739.0
159,2893903.0,942,739.0
160,7652346.0,1379,6.0
161,7652346.0,106,6.0
162,7652346.0,934,6.0
163,7652346.0,941,6.0
164,7652346.0,1066,6.0
165,8212904.0,1389,166.0
166,1223975.0,1285,12721.0
167,1223975.0,1130,12721.0
168,1223975.0,63,12721.0
169,1223975.0,75,12721.0
170,1223975.0,1122,12721.0
171,2694189.0,1284,1097.0
172,2694189.0,1223,1097.0
173,203489.0,1303,851.0
174,203489.0,667,851.0
175,203489.0,1244,851.0
176,203489.0,348,851.0
177,2470710.0,1385,75.0
178,6113592.0,1405,3.0
179,6113592.0,606,3.0
180,6113592.0,539,3.0
181,6113592.0,956,3.0
182,6113592.0,1167,3.0
183,294260.0,1352,560.0
184,294260.0,420,560.0
185,264276.0,1416,8886.0
186,5206997.0,1398,26.0
187,5206997.0,803,26.0
188,5206997.0,4,26.0
189,3393367.0,1302,3.0
190,3393367.0,32,3.0
191,3393367.0,30,3.0
192,7085476.0,1277,200.0
193,2972348.0,1375,604.0
194,2972348.0,630,604.0
195,2972348.0,709,604.0
196,2972348.0,826,604.0
197,452845.0,1310,5127.0
198,452845.0,692,5127.0
199,452845.0,264,5127.0
200,452845.0,866,5127.0
201,2586901.0,1406,15.0
202,2586901.0,269,15.0
203,715699.0,1435,149.0
204,715699.0,941,149.0
205,715699.0,139,149.0
206,689483.0,1379,124.0
207,689483.0,1215,124.0
208,3306374.0,1493,21.0
209,3306374.0,151,21.0
210,3574837.0,1409,331.0
211,3574837.0,1192,331.0
212,9096687.0,1378,25.0
213,765226.0,1348,5273.0
214,765226.0,647,5273.0
215,765226.0,867,5273.0
216,765226.0,291,5273.0
217,3849756.0,1378,58.0
218,3849756.0,1225,58.0
219,3849756.0,675,58.0
220,3849756.0,1095,58.0
221,2675362.0,1378,96.0
222,2675362.0,1041,96.0
223,2675362.0,127,96.0
224,2675362.0,1027,96.0
225,2675362.0,1241,96.0
226,1078986.0,1378,535.0
227,1078986.0,1041,535.0
228,1078986.0,513,535.0
229,1078986.0,597,535.0
230,2079345.0,1396,11250.0
231,5139050.0,1310,1820.0
232,5139050.0,1239,1820.0
233,974345.0,1469,59.0
234,4983450.0,1428,104644.0
235,4983450.0,613,104644.0
236,4983450.0,612,104644.0
237,1076866.0,1379,29.0
238,1076866.0,516,29.0
239,1076866.0,62,29.0
240,1076866.0,70,29.0
241,1076866.0,109,29.0
242,8902386.0,1379,8.0
243,8902386.0,598,8.0
244,5161723.0,1380,44.0
245,5161723.0,587,44.0
246,5161723.0,589,44.0
247,4825252.0,1312,59.0
248,4825252.0,431,59.0
249,4825252.0,797,59.0
250,4040743.0,1378,313.0
251,4040743.0,254,313.0
252,4040743.0,664,313.0
253,4040743.0,579,313.0
254,9258995.0,1430,3.0
255,9258995.0,204,3.0
256,9258995.0,799,3.0
257,4841832.0,1425,438.0
258,7260404.0,1428,27.0
259,7260404.0,754,27.0
260,7260404.0,297,27.0
261,7260404.0,908,27.0
262,7260404.0,128,27.0
263,7470447.0,1376,14.0
264,7470447.0,1179,14.0
265,7470447.0,986,14.0
266,780350.0,1369,770.0
267,780350.0,98,770.0
268,7050681.0,1378,23.0
269,7050681.0,36,23.0
270,7050681.0,457,23.0
271,7050681.0,58,23.0
272,7050681.0,461,23.0
273,454533.0,1477,140964.0
274,8913217.0,1431,11.0
275,8913217.0,770,11.0
276,4999534.0,1314,45.0
277,4999534.0,579,45.0
278,4999534.0,730,45.0
279,4999534.0,731,45.0
280,7734384.0,1325,145.0
281,7734384.0,1080,145.0
282,7734384.0,258,145.0
283,131433.0,1438,74417.0
284,131433.0,178,74417.0
285,2643686.0,1283,723.0
286,2643686.0,753,723.0
287,2643686.0,31,723.0
288,90801.0,1355,70973.0
289,90801.0,367,70973.0
290,90801.0,680,70973.0
291,3570764.0,1285,26.0
292,3570764.0,1130,26.0
293,3570764.0,371,26.0
294,2909897.0,1438,2076.0
295,2909897.0,568,2076.0
296,1978314.0,1405,307.0
297,6946375.0,1310,86.0
298,6946375.0,108,86.0
299,6946375.0,131,86.0
300,6946375.0,376,86.0
301,5956261.0,1364,36.0
302,5956261.0,834,36.0
303,2851914.0,1501,585.0
304,3071419.0,1428,339.0
305,3071419.0,901,339.0
306,3071419.0,1222,339.0
307,3071419.0,414,339.0
308,138200.0,1310,13454.0
309,138200.0,1,13454.0
310,138200.0,1228,13454.0
311,6782043.0,1379,82.0
312,6782043.0,516,82.0
313,6782043.0,517,82.0
314,6782043.0,62,82.0
315,6782043.0,594,82.0
316,5437049.0,1284,59.0
317,5437049.0,48,59.0
318,5437049.0,5,59.0
319,7915605.0,1415,66.0
320,7915605.0,391,66.0
321,7915605.0,794,66.0
322,4670.0,1312,2728.0
323,4670.0,1161,2728.0
324,4670.0,289,2728.0
325,6611672.0,1428,875.0
326,7954504.0,1428,9456.0
327,7954504.0,942,9456.0
328,7954504.0,666,9456.0
329,3500668.0,1392,1269.0
330,3500668.0,436,1269.0
331,3798291.0,1473,102.0
332,3798291.0,92,102.0
333,3798291.0,1114,102.0
334,3798291.0,93,102.0
335,3798291.0,775,102.0
336,9088032.0,1428,35.0
337,9088032.0,902,35.0
338,9088032.0,540,35.0
339,9088032.0,904,35.0
340,5256563.0,1428,2701.0
341,5256563.0,674,2701.0
342,5256563.0,754,2701.0
343,5256563.0,620,2701.0
344,5256563.0,621,2701.0
345,2658555.0,1313,35.0
346,2658555.0,940,35.0
347,2658555.0,706,35.0
348,2658555.0,16,35.0
349,673809.0,1501,109.0
350,673809.0,417,109.0
351,673809.0,1234,109.0
352,673809.0,265,109.0
353,7287773.0,1443,8.0
354,1631193.0,1324,60848.0
355,1631193.0,247,60848.0
356,4803204.0,1383,55.0
357,111266.0,1294,29253.0
358,111266.0,20,29253.0
359,111266.0,475,29253.0
360,111266.0,520,29253.0
361,2449861.0,1436,762.0
362,2449861.0,1169,762.0
363,988127.0,1407,686.0
364,988127.0,226,686.0
365,988127.0,122,686.0
366,988127.0,187,686.0
367,988127.0,188,686.0
368,2217516.0,1332,1315.0
369,2217516.0,317,1315.0
370,6121965.0,1289,67.0
371,13000.0,1464,33628.0
372,13000.0,1096,33628.0
373,333153.0,1371,1473.0
374,333153.0,254,1473.0
375,333153.0,517,1473.0
376,333153.0,438,1473.0
377,923323.0,1435,1150.0
378,923323.0,378,1150.0
379,923323.0,591,1150.0
380,923323.0,248,1150.0
381,923323.0,924,1150.0
382,742058.0,1500,1742.0
383,742058.0,1232,1742.0
384,742058.0,657,1742.0
385,742058.0,183,1742.0
386,6146337.0,1332,337.0
387,6146337.0,82,337.0
388,6146337.0,720,337.0
389,375399.0,1378,1832.0
390,375399.0,36,1832.0
391,375399.0,49,1832.0
392,375399.0,335,1832.0
393,375399.0,41,1832.0
394,2526342.0,1388,134.0
395,1943849.0,1310,2920.0
396,1943849.0,1,2920.0
397,1943849.0,1258,2920.0
398,1943849.0,225,2920.0
399,6920681.0,1379,22.0
400,6920681.0,516,22.0
401,6920681.0,254,22.0
402,1929079.0,1511,124.0
403,8302480.0,1310,15.0
404,8302480.0,1,15.0
405,8302480.0,115,15.0
406,2210887.0,1346,497.0
407,2210887.0,871,497.0
408,2210887.0,1064,497.0
409,9302290.0,1352,33.0
410,9302290.0,1093,33.0
411,9302290.0,1254,33.0
412,9302290.0,1088,33.0
413,3583252.0,1311,30.0
414,3583252.0,1077,30.0
415,3583252.0,408,30.0
416,7383698.0,1379,279.0
417,7383698.0,572,279.0
418,7383698.0,1218,279.0
419,7383698.0,752,279.0
420,7383698.0,181,279.0
421,1921348.0,1453,2398.0
422,1921348.0,100,2398.0
423,9114996.0,1347,82.0
424,4792138.0,1355,20.0
425,4792138.0,163,20.0
426,4792138.0,352,20.0
427,868044.0,1509,2085.0
428,868044.0,466,2085.0
429,868044.0,1164,2085.0
430,3185884.0,1312,2418.0
431,3185884.0,100,2418.0
432,3185884.0,186,2418.0
433,127853.0,1412,7468.0
434,127853.0,769,7468.0
435,2664944.0,1361,360.0
436,2664944.0,966,360.0
437,1641867.0,1310,1751.0
438,1641867.0,1077,1751.0
439,1641867.0,809,1751.0
440,1641867.0,184,1751.0
441,3001856.0,1285,1048.0
442,3001856.0,63,1048.0
443,3001856.0,1211,1048.0
444,1333004.0,1379,4438.0
445,1333004.0,841,4438.0
446,1333004.0,882,4438.0
447,1333004.0,1175,4438.0
448,1333004.0,580,4438.0
449,7449436.0,1389,199.0
450,7449436.0,961,199.0
451,7449436.0,640,199.0
452,7120667.0,1431,406.0
453,7120667.0,281,406.0
454,519619.0,1276,114.0
455,519619.0,504,114.0
456,519619.0,860,114.0
457,519619.0,1021,114.0
458,519619.0,1070,114.0
459,3068233.0,1379,2218.0
460,3068233.0,119,2218.0
461,3068233.0,880,2218.0
462,916278.0,1457,472.0
463,916278.0,812,472.0
464,916278.0,815,472.0
465,916278.0,287,472.0
466,916278.0,160,472.0
467,8554438.0,1381,33.0
468,8554438.0,20,33.0
469,8554438.0,313,33.0
470,8550991.0,1418,58.0
471,8550991.0,748,58.0
472,8550991.0,130,58.0
473,8550991.0,886,58.0
474,8059459.0,1379,999.0
475,8059459.0,441,999.0
476,604950.0,1409,411.0
477,604950.0,395,411.0
478,604950.0,127,411.0
479,604950.0,831,411.0
480,604950.0,491,411.0
481,1213285.0,1464,8540.0
482,1213285.0,1073,8540.0
483,1213285.0,782,8540.0
484,422831.0,1287,793.0
485,422831.0,1218,793.0
486,422831.0,404,793.0
487,140903.0,1283,1923.0
488,140903.0,87,1923.0
489,3230805.0,1435,35.0
490,3230805.0,1158,35.0
491,3230805.0,947,35.0
492,3230805.0,929,35.0
493,529394.0,1464,156.0
494,529394.0,1252,156.0
495,3758099.0,1457,81.0
496,3758099.0,1052,81.0
497,3758099.0,1053,81.0
498,3521108.0,1409,12.0
499,3521108.0,934,12.0
500,3521108.0,1029,12.0
501,3521108.0,1028,12.0
502,841320.0,1507,334.0
503,3573960.0,1381,83.0
504,3573960.0,254,83.0
505,3573960.0,599,83.0
506,3695849.0,1312,8180.0
507,3695849.0,566,8180.0
508,3695849.0,801,8180.0
509,3973051.0,1368,2041.0
510,9274894.0,1439,35.0
511,9274894.0,279,35.0
512,9274894.0,943,35.0
513,5967828.0,1378,514.0
514,5967828.0,1041,514.0
515,5967828.0,176,514.0
516,5967828.0,820,514.0
517,5084982.0,1379,127.0
518,5084982.0,765,127.0
519,5084982.0,382,127.0
520,2984488.0,1435,149.0
521,2984488.0,930,149.0
522,2984488.0,925,149.0
523,4791552.0,1377,3.0
524,4791552.0,1091,3.0
525,4791552.0,237,3.0
526,6621301.0,1381,13.0
527,6621301.0,516,13.0
528,6621301.0,254,13.0
529,6621301.0,474,13.0
530,6621301.0,1217,13.0
531,646781.0,1379,625.0
532,646781.0,182,625.0
533,646781.0,1162,625.0
534,646781.0,595,625.0
535,7507925.0,1379,122.0
536,7507925.0,516,122.0
537,7507925.0,254,122.0
538,7507925.0,517,122.0
539,638821.0,1377,1748.0
540,638821.0,1091,1748.0
541,638821.0,1152,1748.0
542,638821.0,945,1748.0
543,638821.0,946,1748.0
544,6707985.0,1371,2319.0
545,6707985.0,254,2319.0
546,6707985.0,1124,2319.0
547,5901111.0,1482,119.0
548,8634006.0,1371,17.0
549,8634006.0,254,17.0
550,8634006.0,78,17.0
551,5591096.0,1379,86.0
552,5591096.0,847,86.0
553,5591096.0,598,86.0
554,5591096.0,20,86.0
555,5591096.0,439,86.0
556,6699069.0,1284,531.0
557,6699069.0,58,531.0
558,6699069.0,39,531.0
559,90173.0,1444,1072.0
560,90173.0,915,1072.0
561,90173.0,22,1072.0
562,2639188.0,1371,1113.0
563,2639188.0,254,1113.0
564,7219283.0,1310,62.0
565,7219283.0,322,62.0
566,7219283.0,323,62.0
567,7219283.0,397,62.0
568,7219283.0,1172,62.0
569,7429104.0,1439,1794.0
570,7429104.0,934,1794.0
571,7429104.0,932,1794.0
572,3046794.0,1358,27.0
573,7856547.0,1377,50.0
574,7856547.0,1253,50.0
575,7724517.0,1310,3.0
576,7724517.0,549,3.0
577,7766467.0,1428,1.0
578,7766467.0,1171,1.0
579,7766467.0,179,1.0
580,7766467.0,1115,1.0
581,1522753.0,1437,1005.0
582,1522753.0,646,1005.0
583,1522753.0,719,1005.0
584,5536006.0,1333,109.0
585,5536006.0,758,109.0
586,5536006.0,849,109.0
587,2452792.0,1428,448.0
588,2452792.0,841,448.0
589,2452792.0,829,448.0
590,8532780.0,1283,7.0
591,8532780.0,31,7.0
592,8532780.0,28,7.0
593,8532780.0,939,7.0
594,8429051.0,1381,111.0
595,8429051.0,516,111.0
596,8429051.0,200,111.0
597,8429051.0,288,111.0
598,8429051.0,916,111.0
599,7823357.0,1409,90.0
600,7823357.0,772,90.0
601,7823357.0,1226,90.0
602,7823357.0,373,90.0
603,6509816.0,1405,627.0
604,6509816.0,224,627.0
605,6509816.0,842,627.0
606,3681236.0,1325,2230.0
607,3681236.0,1087,2230.0
608,3681236.0,833,2230.0
609,3681236.0,1076,2230.0
610,1090367.0,1428,2880.0
611,1090367.0,829,2880.0
612,1090367.0,784,2880.0
613,1090367.0,739,2880.0
614,7192626.0,1379,57.0
615,7192626.0,598,57.0
616,7192626.0,516,57.0
617,61505.0,1312,4160.0
618,61505.0,185,4160.0
619,61505.0,1188,4160.0
620,6500611.0,1311,73.0
621,6500611.0,118,73.0
622,6500611.0,707,73.0
623,6500611.0,243,73.0
624,7393155.0,1409,61.0
625,7393155.0,772,61.0
626,7393155.0,979,61.0
627,3357935.0,1428,3034.0
628,3357935.0,103,3034.0
629,3357935.0,745,3034.0
630,779681.0,1389,2188.0
631,4526276.0,1347,343.0
632,4526276.0,1178,343.0
633,4526276.0,221,343.0
634,2012299.0,1418,11.0
635,2012299.0,1097,11.0
636,2012299.0,330,11.0
637,2012299.0,1033,11.0
638,2014005.0,1310,125.0
639,2014005.0,1247,125.0
640,2014005.0,1249,125.0
641,8876783.0,1418,6.0
642,8876783.0,746,6.0
643,411141.0,1356,3249.0
644,301250.0,1379,1715.0
645,301250.0,598,1715.0
646,301250.0,417,1715.0
647,301250.0,241,1715.0
648,301250.0,1159,1715.0
649,6880859.0,1284,27.0
650,6880859.0,418,27.0
651,6880859.0,419,27.0
652,505308.0,1384,1104.0
653,1366228.0,1497,159.0
654,1366228.0,434,159.0
655,1366228.0,530,159.0
656,194717.0,1495,6225.0
657,6085236.0,1452,555.0
658,6085236.0,1015,555.0
659,2570494.0,1418,20.0
660,2570494.0,746,20.0
661,1393200.0,1284,237.0
662,1393200.0,1249,237.0
663,1393200.0,7,237.0
664,3290623.0,1284,997.0
665,3290623.0,936,997.0
666,3290623.0,937,997.0
667,4299423.0,1409,726.0
668,4299423.0,811,726.0
669,4299423.0,164,726.0
670,1820544.0,1379,365.0
671,1820544.0,934,365.0
672,1820544.0,355,365.0
673,1820544.0,994,365.0
674,1323517.0,1476,974.0
675,1323517.0,865,974.0
676,1323517.0,608,974.0
677,5768073.0,1284,34.0
678,89706.0,1371,6132.0
679,89706.0,254,6132.0
680,89706.0,744,6132.0
681,89706.0,255,6132.0
682,6232849.0,1428,13.0
683,6232849.0,841,13.0
684,6232849.0,784,13.0
685,6232849.0,428,13.0
686,6232849.0,733,13.0
687,2656.0,1421,5881.0
688,2656.0,143,5881.0
689,2656.0,1135,5881.0
690,1264345.0,1457,412.0
691,1264345.0,479,412.0
692,1264345.0,469,412.0
693,1264345.0,1063,412.0
694,2251468.0,1316,687.0
695,2251468.0,771,687.0
696,2251468.0,244,687.0
697,2251468.0,246,687.0
698,1014576.0,1409,1345.0
699,1014576.0,773,1345.0
700,355997.0,1503,79.0
701,355997.0,1242,79.0
702,6678345.0,1418,127.0
703,6678345.0,638,127.0
704,6678345.0,366,127.0
705,337141.0,1319,864.0
706,337141.0,472,864.0
707,337141.0,473,864.0
708,1731057.0,1379,1959.0
709,1731057.0,355,1959.0
710,8553954.0,1284,358.0
711,8553954.0,61,358.0
712,8553954.0,484,358.0
713,9089909.0,1428,93.0
714,9089909.0,386,93.0
715,9089909.0,804,93.0
716,798055.0,1405,2122.0
717,4843705.0,1436,450.0
718,4843705.0,517,450.0
719,4843705.0,396,450.0
720,9215893.0,1371,18.0
721,9215893.0,254,18.0
722,974826.0,1310,583.0
723,974826.0,1250,583.0
724,974826.0,1249,583.0
725,2111390.0,1306,372.0
726,2111390.0,1010,372.0
727,2111390.0,1056,372.0
728,4432683.0,1377,579.0
729,4432683.0,790,579.0
730,4432683.0,165,579.0
731,5458222.0,1377,3.0
732,5458222.0,1091,3.0
733,5458222.0,1252,3.0
734,5458222.0,1149,3.0
735,5458222.0,1150,3.0
736,5440910.0,1378,69.0
737,5440910.0,36,69.0
738,5440910.0,564,69.0
739,194717.0,1495,6225.0
740,7120667.0,1431,406.0
741,7120667.0,650,406.0
742,7120667.0,157,406.0
743,7120667.0,1010,406.0
744,7120667.0,135,406.0
745,9272141.0,1379,8.0
746,9272141.0,598,8.0
747,1245418.0,1291,2221.0
748,1245418.0,892,2221.0
749,8914754.0,1377,266.0
750,8914754.0,1091,266.0
751,8914754.0,1168,266.0
752,8914754.0,1209,266.0
753,1292050.0,1379,2799.0
754,1292050.0,663,2799.0
755,755934.0,1379,1292.0
756,755934.0,934,1292.0
757,755934.0,1130,1292.0
758,3599414.0,1377,916.0
759,3599414.0,1144,916.0
760,9003419.0,1378,31.0
761,9003419.0,36,31.0
762,9003419.0,644,31.0
763,494500.0,1418,176.0
764,494500.0,106,176.0
765,494500.0,741,176.0
766,494500.0,104,176.0
767,9132049.0,1457,2629.0
768,9132049.0,1052,2629.0
769,4707612.0,1457,18.0
770,4707612.0,735,18.0
771,4707612.0,1084,18.0
772,2414515.0,1379,4445.0
773,2414515.0,856,4445.0
774,882936.0,1466,1293.0
775,882936.0,931,1293.0
776,882936.0,933,1293.0
777,882936.0,932,1293.0
778,882936.0,740,1293.0
779,8559664.0,1460,1.0
780,2311074.0,1418,2124.0
781,2311074.0,746,2124.0
782,2311074.0,639,2124.0
783,5544425.0,1409,15.0
784,5544425.0,942,15.0
785,5544425.0,726,15.0
786,5544425.0,771,15.0
787,9361289.0,1446,18.0
788,9361289.0,1109,18.0
789,9361289.0,175,18.0
790,9361289.0,133,18.0
791,2964415.0,1310,1294.0
792,2964415.0,1161,1294.0
793,1598298.0,1378,125.0
794,1598298.0,1041,125.0
795,1598298.0,1042,125.0
796,1598298.0,1218,125.0
797,1598298.0,1071,125.0
798,873749.0,1332,1333.0
799,873749.0,998,1333.0
800,873749.0,721,1333.0
801,873749.0,319,1333.0
802,6194909.0,1311,20.0
803,6194909.0,858,20.0
804,6194909.0,648,20.0
805,3681352.0,1378,461.0
806,3681352.0,913,461.0
807,3100312.0,1311,14538.0
808,3100312.0,1189,14538.0
809,3100312.0,1108,14538.0
810,6819447.0,1428,30.0
811,6819447.0,902,30.0
812,6819447.0,854,30.0
813,6819447.0,35,30.0
814,6819447.0,910,30.0
815,2005559.0,1284,978.0
816,2005559.0,45,978.0
817,2005559.0,38,978.0
818,889580.0,1472,450.0
819,6949963.0,1310,52.0
820,6949963.0,1232,52.0
821,7048941.0,1284,9.0
822,7048941.0,842,9.0
823,337315.0,1508,12236.0
824,337315.0,1093,12236.0
825,3342901.0,1377,2505.0
826,3342901.0,1252,2505.0
827,3342901.0,451,2505.0
828,3342901.0,449,2505.0
829,2214916.0,1294,18.0
830,2214916.0,112,18.0
831,2214916.0,534,18.0
832,2214916.0,108,18.0
833,2214916.0,537,18.0
834,9339750.0,1428,28.0
835,9339750.0,901,28.0
836,9339750.0,327,28.0
837,9339750.0,1269,28.0
838,3558514.0,1378,37.0
839,3558514.0,411,37.0
840,3558514.0,1161,37.0
841,3558514.0,611,37.0
842,3558514.0,562,37.0
843,3695849.0,1312,8180.0
844,3695849.0,566,8180.0
845,3695849.0,801,8180.0
846,6146337.0,1458,337.0
847,6146337.0,313,337.0
848,6146337.0,82,337.0
849,6146337.0,720,337.0
850,6146337.0,895,337.0
851,20446.0,1502,8965.0
852,20446.0,1228,8965.0
853,20446.0,738,8965.0
854,20446.0,15,8965.0
855,20446.0,877,8965.0
856,1146094.0,1509,3076.0
857,1146094.0,466,3076.0
858,1390037.0,1322,15.0
859,1390037.0,808,15.0
860,1390037.0,676,15.0
861,1390037.0,816,15.0
862,1739133.0,1490,6.0
863,1739133.0,950,6.0
864,5632698.0,1298,117.0
865,2808815.0,1378,338.0
866,2808815.0,1110,338.0
867,652497.0,1378,4706.0
868,652497.0,253,4706.0
869,652497.0,807,4706.0
870,652497.0,857,4706.0
871,8585459.0,1379,30.0
872,8585459.0,254,30.0
873,8585459.0,384,30.0
874,8585459.0,642,30.0
875,8585459.0,450,30.0
876,890219.0,1285,64.0
877,8858555.0,1281,66.0
878,8858555.0,1113,66.0
879,5832930.0,1418,81.0
880,5832930.0,638,81.0
881,5832930.0,156,81.0
882,5832930.0,340,81.0
883,8424561.0,1345,72.0
884,1896328.0,1405,963.0
885,7707839.0,1379,182.0
886,7707839.0,516,182.0
887,7707839.0,668,182.0
888,7707839.0,431,182.0
889,7707839.0,1221,182.0
890,251153.0,1508,89998.0
891,4784683.0,1338,1096.0
892,4784683.0,446,1096.0
893,5685358.0,1284,301.0
894,5685358.0,43,301.0
895,817767.0,1284,7362.0
896,817767.0,486,7362.0
897,817767.0,177,7362.0
898,2922741.0,1422,44.0
899,2922741.0,327,44.0
900,2922741.0,753,44.0
901,2922741.0,328,44.0
902,1775513.0,1285,567.0
903,1775513.0,872,567.0
904,593802.0,1310,1154.0
905,593802.0,566,1154.0
906,593802.0,1058,1154.0
907,593802.0,409,1154.0
908,593802.0,410,1154.0
909,1909812.0,1304,153.0
910,1909812.0,150,153.0
911,1909812.0,147,153.0
912,9200498.0,1428,52.0
913,9200498.0,902,52.0
914,9200498.0,829,52.0
915,9200498.0,281,52.0
916,9200498.0,962,52.0
917,2251468.0,1316,687.0
918,2251468.0,771,687.0
919,2251468.0,244,687.0
920,2251468.0,245,687.0
921,2251468.0,246,687.0
922,7060233.0,1428,1.0
923,7060233.0,830,1.0
924,7060233.0,905,1.0
925,337141.0,1319,864.0
926,337141.0,472,864.0
927,337141.0,473,864.0
928,1116871.0,1435,68.0
929,1116871.0,931,68.0
930,1116871.0,930,68.0
931,5276428.0,1428,897.0
932,5276428.0,1107,897.0
933,5276428.0,262,897.0
934,1659890.0,1431,369.0
935,1659890.0,310,369.0
936,1659890.0,965,369.0
937,2065484.0,1378,63.0
938,2065484.0,24,63.0
939,664672.0,1294,2247.0
940,664672.0,327,2247.0
941,664672.0,535,2247.0
942,3628383.0,1301,612.0
943,3628383.0,159,612.0
944,9177846.0,1418,6.0
945,9177846.0,1097,6.0
946,9177846.0,289,6.0
947,9177846.0,290,6.0
948,2624447.0,1356,135.0
949,2624447.0,1090,135.0
950,4273524.0,1422,90.0
951,36687.0,1434,41007.0
952,36687.0,933,41007.0
953,8352044.0,1311,1.0
954,8352044.0,606,1.0
955,8352044.0,1225,1.0
956,8352044.0,1192,1.0
957,8006847.0,1378,176.0
958,8006847.0,36,176.0
959,8006847.0,990,176.0
960,588868.0,1355,27255.0
961,588868.0,458,27255.0
962,297823.0,1310,5340.0
963,297823.0,132,5340.0
964,297823.0,121,5340.0
965,5846238.0,1428,185.0
966,5846238.0,1137,185.0
967,5846238.0,1194,185.0
968,5846238.0,658,185.0
969,5391425.0,1284,1.0
970,5391425.0,37,1.0
971,5391425.0,189,1.0
972,5391425.0,630,1.0
973,5391425.0,985,1.0
974,2976768.0,1414,133.0
975,2976768.0,465,133.0
976,2976768.0,1214,133.0
977,131433.0,1355,74417.0
978,3265145.0,1505,64.0
979,3265145.0,1249,64.0
980,127606.0,1379,1367.0
981,127606.0,765,1367.0
982,127606.0,355,1367.0
983,127606.0,714,1367.0
984,7692786.0,1464,224.0
985,7692786.0,776,224.0
986,7692786.0,379,224.0
987,2663230.0,1403,238.0
988,2663230.0,727,238.0
989,2663230.0,18,238.0
990,1823698.0,1413,841.0
991,1823698.0,818,841.0
992,1823698.0,13,841.0
993,1823698.0,795,841.0
994,1823698.0,14,841.0
995,8387076.0,1284,120.0
996,8387076.0,58,120.0
997,7929151.0,1431,31.0
998,7929151.0,964,31.0
999,9229318.0,1379,37.0
1000,9229318.0,746,37.0
1001,9229318.0,1051,37.0
1002,9229318.0,765,37.0
1003,10508.0,1338,5675.0
1004,10508.0,694,5675.0
1005,10508.0,673,5675.0
1006,10508.0,672,5675.0
1007,1593077.0,1320,25686.0
1008,1593077.0,261,25686.0
1009,1593077.0,531,25686.0
1010,1593077.0,217,25686.0
1011,4743714.0,1362,49.0
1012,7896243.0,1428,119.0
1013,7896243.0,1029,119.0
1014,7896243.0,1083,119.0
1015,9089909.0,1428,93.0
1016,9089909.0,829,93.0
1017,2288518.0,1284,35.0
1018,2288518.0,958,35.0
1019,2288518.0,798,35.0
1020,2288518.0,853,35.0
1021,4789624.0,1418,121.0
1022,8928481.0,1483,173.0
1023,8928481.0,305,173.0
1024,8928481.0,879,173.0
1025,3305822.0,1325,370.0
1026,3305822.0,911,370.0
1027,3305822.0,912,370.0
1028,13729.0,1285,3825.0
1029,13729.0,772,3825.0
1030,13729.0,1215,3825.0
1031,1680064.0,1475,30.0
1032,2030247.0,1379,607.0
1033,2030247.0,1130,607.0
1034,2030247.0,355,607.0
1035,1691675.0,1379,219.0
1036,1691675.0,765,219.0
1037,6239151.0,1379,96.0
1038,6239151.0,598,96.0
1039,7636455.0,1379,181.0
1040,7636455.0,598,181.0
1041,4620643.0,1379,123.0
1042,4620643.0,900,123.0
1043,4620643.0,426,123.0
1044,4620643.0,1028,123.0
1045,4620643.0,1083,123.0
1046,55466.0,1432,888.0
1047,4938284.0,1304,36.0
1048,4938284.0,141,36.0
1049,4938284.0,1245,36.0
1050,4938284.0,148,36.0
1051,4938284.0,1229,36.0
1052,2984775.0,1377,432.0
1053,2984775.0,209,432.0
1054,2984775.0,435,432.0
1055,2984775.0,1118,432.0
1056,2984775.0,210,432.0
1057,8977833.0,1418,14.0
1058,8977833.0,747,14.0
1059,277172.0,1428,3145.0
1060,277172.0,902,3145.0
1061,277172.0,671,3145.0
1062,4896692.0,1332,38.0
1063,4896692.0,169,38.0
1064,4529775.0,1284,300.0
1065,9360479.0,1428,16.0
1066,9360479.0,439,16.0
1067,9360479.0,304,16.0
1068,1489726.0,1279,1258.0
1069,1489726.0,19,1258.0
1070,8075015.0,1428,143.0
1071,8075015.0,899,143.0
1072,8075015.0,88,143.0
1073,8075015.0,1170,143.0
1074,1907755.0,1444,1938.0
1075,1907755.0,88,1938.0
1076,1907755.0,1036,1938.0
1077,4028303.0,1477,295.0
1078,1545917.0,1428,4198.0
1079,1545917.0,693,4198.0
1080,291912.0,1290,101.0
1081,291912.0,508,101.0
1082,291912.0,84,101.0
1083,5159975.0,1334,6.0
1084,5159975.0,1270,6.0
1085,5159975.0,843,6.0
1086,1213285.0,1464,8540.0
1087,1213285.0,1073,8540.0
1088,1213285.0,782,8540.0
1089,1213285.0,780,8540.0
1090,2183512.0,1438,53.0
1091,2183512.0,963,53.0
1092,2183512.0,603,53.0
1093,3069232.0,1377,2881.0
1094,3069232.0,1091,2881.0
1095,3069232.0,430,2881.0
1096,3069232.0,1146,2881.0
1097,2428762.0,1439,157.0
1098,2428762.0,1016,157.0
1099,2428762.0,211,157.0
1100,349729.0,1360,642.0
1101,349729.0,480,642.0
1102,238671.0,1428,6530.0
1103,238671.0,1184,6530.0
1104,580175.0,1377,638.0
1105,580175.0,1091,638.0
1106,580175.0,881,638.0
1107,2880272.0,1482,476.0
1108,2880272.0,1162,476.0
1109,2880272.0,641,476.0
1110,649811.0,1299,11292.0
1111,649811.0,915,11292.0
1112,649811.0,710,11292.0
1113,4278239.0,1378,133.0
1114,4278239.0,1041,133.0
1115,4278239.0,1049,133.0
1116,3714091.0,1379,16.0
1117,3714091.0,1073,16.0
1118,3714091.0,783,16.0
1119,3714091.0,626,16.0
1120,1137796.0,1285,1948.0
1121,1137796.0,564,1948.0
1122,1137796.0,565,1948.0
1123,6087491.0,1428,90.0
1124,6087491.0,439,90.0
1125,6087491.0,874,90.0
1126,6087491.0,903,90.0
1127,5119410.0,1496,11.0
1128,5119410.0,96,11.0
1129,5119410.0,1207,11.0
1130,3024981.0,1288,30.0
1131,3024981.0,80,30.0
1132,3024981.0,79,30.0
1133,3024981.0,81,30.0
1134,2408342.0,1378,1753.0
1135,2408342.0,575,1753.0
1136,2408342.0,656,1753.0
1137,2408342.0,1061,1753.0
1138,2408342.0,525,1753.0
1139,1778465.0,1379,9485.0
1140,1778465.0,1130,9485.0
1141,1778465.0,1192,9485.0
1142,9224171.0,1424,56.0
1143,9224171.0,452,56.0
1144,5613429.0,1285,123.0
1145,5613429.0,564,123.0
1146,5613429.0,235,123.0
1147,2064502.0,1355,6.0
1148,2064502.0,586,6.0
1149,2064502.0,634,6.0
1150,2064502.0,635,6.0
1151,249114.0,1470,125.0
1152,214977.0,1394,14045.0
1153,214977.0,216,14045.0
1154,9360882.0,1284,161.0
1155,9360882.0,45,161.0
1156,9360882.0,989,161.0
1157,8746415.0,1428,250.0
1158,8746415.0,606,250.0
1159,8746415.0,830,250.0
1160,1735751.0,1418,5862.0
1161,1735751.0,401,5862.0
1162,6171195.0,1378,659.0
1163,6171195.0,1161,659.0
1164,6171195.0,718,659.0
1165,6171195.0,83,659.0
1166,102133.0,1388,1793.0
1167,102133.0,479,1793.0
1168,102133.0,464,1793.0
1169,102133.0,636,1793.0
1170,3683930.0,1457,390.0
1171,3683930.0,735,390.0
1172,388010.0,1369,1534.0
1173,388010.0,456,1534.0
1174,388010.0,1126,1534.0
1175,388010.0,551,1534.0
1176,8193864.0,1381,79.0
1177,7254260.0,1458,160.0
1178,7254260.0,1123,160.0
1179,7254260.0,948,160.0
1180,7254260.0,1177,160.0
1181,7254260.0,840,160.0
1182,3728901.0,1378,13699.0
1183,3728901.0,398,13699.0
1184,3728901.0,574,13699.0
1185,3728901.0,399,13699.0
1186,3728901.0,400,13699.0
1187,5504438.0,1310,385.0
1188,5504438.0,606,385.0
1189,5504438.0,607,385.0
1190,3013803.0,1418,2208.0
1191,3013803.0,1097,2208.0
1192,3013803.0,1098,2208.0
1193,9213186.0,1418,21.0
1194,9213186.0,638,21.0
1195,9213186.0,127,21.0
1196,9213186.0,615,21.0
1197,2224882.0,1291,1.0
1198,2224882.0,281,1.0
1199,2224882.0,344,1.0
1200,3649118.0,1428,56.0
1201,3649118.0,902,56.0
1202,3649118.0,801,56.0
1203,3649118.0,541,56.0
1204,3649118.0,267,56.0
1205,2030247.0,1409,607.0
1206,2030247.0,1130,607.0
1207,2030247.0,518,607.0
1208,2030247.0,716,607.0
1209,2030247.0,844,607.0
1210,5816178.0,1379,82.0
1211,5816178.0,76,82.0
1212,5816178.0,249,82.0
1213,1791826.0,1357,94.0
1214,1791826.0,467,94.0
1215,1791826.0,835,94.0
1216,2781218.0,1377,2997.0
1217,2781218.0,237,2997.0
1218,271907.0,1379,4598.0
1219,271907.0,516,4598.0
1220,271907.0,254,4598.0
1221,8599404.0,1379,45.0
1222,8599404.0,516,45.0
1223,8599404.0,313,45.0
1224,8599404.0,685,45.0
1225,2902821.0,1379,2259.0
1226,2902821.0,1161,2259.0
1227,2902821.0,717,2259.0
1228,2902821.0,592,2259.0
1229,991875.0,1370,496.0
1230,991875.0,502,496.0
1231,7638174.0,1347,849.0
1232,7638174.0,1178,849.0
1233,7638174.0,391,849.0
1234,779681.0,1389,2188.0
1235,114265.0,1284,1621.0
1236,114265.0,58,1621.0
1237,114265.0,756,1621.0
1238,6791278.0,1310,58.0
1239,6791278.0,107,58.0
1240,6791278.0,992,58.0
1241,6791278.0,993,58.0
1242,6791278.0,11,58.0
1243,6617804.0,1310,40.0
1244,6617804.0,99,40.0
1245,6617804.0,1166,40.0
1246,6617804.0,296,40.0
1247,6617804.0,298,40.0
1248,2754599.0,1418,3350.0
1249,2754599.0,1003,3350.0
1250,2501328.0,1378,422.0
1251,2501328.0,506,422.0
1252,2501328.0,89,422.0
1253,2501328.0,476,422.0
1254,3852048.0,1284,7.0
1255,219159.0,1471,43319.0
1256,219159.0,1199,43319.0
1257,8908267.0,1381,69.0
1258,15394.0,1310,8049.0
1259,15394.0,1239,8049.0
1260,15394.0,1213,8049.0
1261,3066892.0,1418,25.0
1262,3066892.0,1025,25.0
1263,3066892.0,1007,25.0
1264,9360808.0,1378,11.0
1265,9360808.0,36,11.0
1266,582644.0,1433,1580.0
1267,582644.0,120,1580.0
1268,179583.0,1499,8685.0
1269,736292.0,1377,774.0
1270,736292.0,1141,774.0
1271,736292.0,129,774.0
1272,7517846.0,1310,190.0
1273,7517846.0,1232,190.0
1274,7517846.0,384,190.0
1275,7517846.0,179,190.0
1276,9360688.0,1304,1.0
1277,9360688.0,1089,1.0
1278,9360688.0,145,1.0
1279,9360688.0,142,1.0
1280,9360688.0,800,1.0
1281,4498831.0,1440,5637.0
1282,4092025.0,1365,1.0
1283,4092025.0,755,1.0
1284,4092025.0,1034,1.0
1285,1772463.0,1275,16.0
1286,1772463.0,1208,16.0
1287,9229175.0,1418,5.0
1288,9229175.0,1052,5.0
1289,9229175.0,279,5.0
1290,9229175.0,732,5.0
1291,3745742.0,1337,38.0
1292,3745742.0,813,38.0
1293,3294412.0,1379,835.0
1294,3294412.0,516,835.0
1295,3294412.0,33,835.0
1296,3294412.0,355,835.0
1297,3294412.0,823,835.0
1298,1125621.0,1409,1080.0
1299,1125621.0,992,1080.0
1300,1125621.0,95,1080.0
1301,8711476.0,1343,58.0
1302,8711476.0,375,58.0
1303,9339162.0,1428,3.0
1304,9339162.0,279,3.0
1305,9339162.0,864,3.0
1306,4664754.0,1310,575.0
1307,4664754.0,1239,575.0
1308,4664754.0,1250,575.0
1309,4664754.0,190,575.0
1310,841320.0,1507,334.0
1311,9219560.0,1487,52.0
1312,617934.0,1379,74.0
1313,617934.0,62,74.0
1314,3648777.0,1378,12.0
1315,3648777.0,665,12.0
1316,996785.0,1382,827.0
1317,996785.0,765,827.0
1318,996785.0,411,827.0
1319,996785.0,422,827.0
1320,5463094.0,1287,84.0
1321,5463094.0,694,84.0
1322,2378708.0,1452,138.0
1323,2378708.0,653,138.0
1324,8646737.0,1284,19.0
1325,8646737.0,598,19.0
1326,8646737.0,606,19.0
1327,8646737.0,765,19.0
1328,921054.0,1468,6971.0
1329,494139.0,1464,1115.0
1330,494139.0,23,1115.0
1331,494139.0,1094,1115.0
1332,27404.0,1464,3433.0
1333,27404.0,975,3433.0
1334,27404.0,973,3433.0
1335,1786225.0,1390,55.0
1336,1786225.0,366,55.0
1337,8383248.0,1445,199.0
1338,8383248.0,1136,199.0
1339,8383248.0,842,199.0
1340,8383248.0,201,199.0
1341,8383248.0,202,199.0
1342,6686212.0,1427,1.0
1343,1474334.0,1465,3865.0
1344,1474334.0,349,3865.0
1345,1228736.0,1285,119.0
1346,1228736.0,72,119.0
1347,1999448.0,1448,1.0
1348,1999448.0,141,1.0
1349,1999448.0,529,1.0
1350,8990420.0,1418,187.0
1351,8990420.0,213,187.0
1352,1500456.0,1349,385.0
1353,1500456.0,1038,385.0
1354,1182189.0,1477,912.0
1355,3682583.0,1418,8351.0
1356,3682583.0,598,8351.0
1357,3682583.0,1006,8351.0
1358,1882707.0,1304,307.0
1359,1882707.0,777,307.0
1360,1882707.0,144,307.0
1361,1882707.0,152,307.0
1362,5431418.0,1405,139.0
1363,5431418.0,1051,139.0
1364,5431418.0,279,139.0
1365,5431418.0,548,139.0
1366,5431418.0,553,139.0
1367,2224126.0,1377,20.0
1368,2224126.0,1091,20.0
1369,2224126.0,418,20.0
1370,2224126.0,890,20.0
1371,661933.0,1310,38594.0
1372,661933.0,1052,38594.0
1373,661933.0,271,38594.0
1374,661933.0,1102,38594.0
1375,8414030.0,1428,105.0
1376,8414030.0,313,105.0
1377,8414030.0,318,105.0
1378,998368.0,1371,1318.0
1379,998368.0,254,1318.0
1380,998368.0,736,1318.0
1381,998368.0,393,1318.0
1382,998368.0,394,1318.0
1383,1341935.0,1379,1816.0
1384,1341935.0,462,1816.0
1385,1341935.0,492,1816.0
1386,1341935.0,982,1816.0
1387,9322618.0,1464,1.0
1388,9322618.0,1252,1.0
1389,9322618.0,1152,1.0
1390,9322618.0,1111,1.0
1391,9322618.0,1155,1.0
1392,6028354.0,1328,150.0
1393,6028354.0,638,150.0
1394,5635189.0,1284,128.0
1395,5635189.0,927,128.0
1396,5635189.0,165,128.0
1397,5635189.0,166,128.0
1398,9080416.0,1381,115.0
1399,9080416.0,601,115.0
1400,9080416.0,337,115.0
1401,9080416.0,1026,115.0
1402,5367588.0,1289,199.0
1403,5367588.0,0,199.0
1404,5367588.0,639,199.0
1405,5367588.0,223,199.0
1406,3725275.0,1371,3.0
1407,3725275.0,765,3.0
1408,3725275.0,395,3.0
1409,5852692.0,1428,84.0
1410,5852692.0,754,84.0
1411,5852692.0,543,84.0
1412,481420.0,1285,573.0
1413,481420.0,1138,573.0
1414,1946090.0,1379,1362.0
1415,1946090.0,62,1362.0
1416,299000.0,1428,2319.0
1417,299000.0,157,2319.0
1418,299000.0,102,2319.0
1419,3274479.0,1393,195.0
1420,3274479.0,649,195.0
1421,3274479.0,1008,195.0
1422,6920558.0,1379,31.0
1423,6920558.0,572,31.0
1424,6920558.0,1266,31.0
1425,1363592.0,1417,650.0
1426,1363592.0,1111,650.0
1427,1363592.0,838,650.0
1428,1452153.0,1341,53.0
1429,1452153.0,364,53.0
1430,285409.0,1418,1519.0
1431,122985.0,1411,946.0
1432,122985.0,2,946.0
1433,188633.0,1395,1482.0
1434,6554634.0,1285,3116.0
1435,747020.0,1280,364.0
1436,747020.0,112,364.0
1437,747020.0,722,364.0
1438,747020.0,358,364.0
1439,5441912.0,1292,43.0
1440,5441912.0,383,43.0
1441,5441912.0,101,43.0
1442,5441912.0,766,43.0
1443,8666372.0,1382,86.0
1444,8666372.0,1258,86.0
1445,8666372.0,1178,86.0
1446,8666372.0,391,86.0
1447,1974224.0,1464,14786.0
1448,1974224.0,881,14786.0
1449,1974224.0,1127,14786.0
1450,8683978.0,1310,26.0
1451,8683978.0,1189,26.0
1452,8683978.0,294,26.0
1453,8683978.0,1246,26.0
1454,1365650.0,1310,632.0
1455,1365650.0,285,632.0
1456,386861.0,1428,1212.0
1457,386861.0,829,1212.0
1458,386861.0,693,1212.0
1459,386861.0,1082,1212.0
1460,3501205.0,1380,1241.0
1461,2090418.0,1378,118.0
1462,2090418.0,140,118.0
1463,2090418.0,494,118.0
1464,2090418.0,142,118.0
1465,9360503.0,1312,6.0
1466,9360503.0,275,6.0
1467,1450401.0,1378,4911.0
1468,1450401.0,694,4911.0
1469,1450401.0,301,4911.0
1470,1450401.0,203,4911.0
1471,1450401.0,697,4911.0
1472,7254627.0,1461,22.0
1473,7254627.0,949,22.0
1474,9186417.0,1379,3.0
1475,9186417.0,598,3.0
1476,9186417.0,106,3.0
1477,9186417.0,347,3.0
1478,938024.0,1378,3752.0
1479,938024.0,583,3752.0
1480,773102.0,1311,405.0
1481,773102.0,263,405.0
1482,773102.0,524,405.0
1483,773102.0,1059,405.0
1484,5932590.0,1285,2524.0
1485,5932590.0,976,2524.0
1486,7694100.0,1377,60.0
1487,7694100.0,237,60.0
1488,7694100.0,778,60.0
1489,7694100.0,779,60.0
1490,9288192.0,1418,45.0
1491,9288192.0,341,45.0
1492,9288192.0,342,45.0
1493,8375745.0,1379,7.0
1494,8375745.0,572,7.0
1495,8375745.0,517,7.0
1496,8375745.0,1002,7.0
1497,8375745.0,1120,7.0
1498,8242664.0,1409,53.0
1499,8242664.0,91,53.0
1500,8242664.0,395,53.0
1501,8242664.0,836,53.0
1502,3725233.0,1381,127.0
1503,3725233.0,1130,127.0
1504,819161.0,1458,1681.0
1505,819161.0,108,1681.0
1506,819161.0,376,1681.0
1507,819161.0,125,1681.0
1508,819161.0,126,1681.0
1509,5498155.0,1510,944.0
1510,5498155.0,463,944.0
1511,831061.0,1378,971.0
1512,831061.0,286,971.0
1513,831061.0,1017,971.0
1514,4789634.0,1423,26.0
1515,4789634.0,143,26.0
1516,1613632.0,1304,569.0
1517,1613632.0,146,569.0
1518,776244.0,1284,30957.0
1519,776244.0,58,30957.0
1520,776244.0,630,30957.0
1521,776244.0,632,30957.0
1522,5884953.0,1312,20.0
1523,5884953.0,742,20.0
1524,5884953.0,219,20.0
1525,5884953.0,1103,20.0
1526,136834.0,1371,3421.0
1527,136834.0,254,3421.0
1528,136834.0,257,3421.0
1529,136834.0,427,3421.0
1530,427234.0,1284,953.0
1531,427234.0,45,953.0
1532,427234.0,60,953.0
1533,427234.0,44,953.0
1534,427234.0,59,953.0
1535,3185472.0,1283,141.0
1536,3185472.0,138,141.0
1537,3185472.0,1044,141.0
1538,5585182.0,1378,1220.0
1539,5585182.0,1041,1220.0
1540,5585182.0,1042,1220.0
1541,5585182.0,260,1220.0
1542,2761822.0,1284,11.0
1543,2761822.0,852,11.0
1544,2761822.0,444,11.0
1545,4987302.0,1428,7.0
1546,4987302.0,902,7.0
1547,3775143.0,1294,15.0
1548,3775143.0,1190,15.0
1549,3775143.0,737,15.0
1550,3775143.0,887,15.0
1551,8682510.0,1428,30.0
1552,8682510.0,829,30.0
1553,8682510.0,668,30.0
1554,8682510.0,259,30.0
1555,8682510.0,784,30.0
1556,2772061.0,1457,8200.0
1557,2772061.0,628,8200.0
1558,2772061.0,627,8200.0
1559,2772061.0,1243,8200.0
1560,240363.0,1355,12117.0
1561,240363.0,772,12117.0
1562,240363.0,869,12117.0
1563,1222951.0,1428,17678.0
1564,1222951.0,902,17678.0
1565,3462319.0,1409,6169.0
1566,3462319.0,726,6169.0
1567,3462319.0,395,6169.0
1568,2769705.0,1379,138.0
1569,2769705.0,934,138.0
1570,5199605.0,1310,63.0
1571,5199605.0,1008,63.0
1572,5199605.0,300,63.0
1573,5199605.0,556,63.0
1574,5199605.0,1009,63.0
1575,7167801.0,1431,1.0
1576,7167801.0,278,1.0
1577,7167801.0,920,1.0
1578,286502.0,1379,558.0
1579,286502.0,482,558.0
1580,2262854.0,1465,426.0
1581,2262854.0,218,426.0
1582,1188729.0,1388,382.0
1583,1764931.0,1379,912.0
1584,1764931.0,942,912.0
1585,1764931.0,256,912.0
1586,4715656.0,1347,126.0
1587,4715656.0,1178,126.0
1588,4715656.0,391,126.0
1589,7852163.0,1378,37.0
1590,7852163.0,36,37.0
1591,7852163.0,45,37.0
1592,7378202.0,1327,404.0
1593,7378202.0,768,404.0
1594,7378202.0,527,404.0
1595,1496068.0,1378,64.0
1596,1496068.0,1145,64.0
1597,1496068.0,971,64.0
1598,1496068.0,509,64.0
1599,180309.0,1282,900.0
1600,180309.0,136,900.0
1601,180309.0,137,900.0
1602,2071697.0,1287,837.0
1603,2071697.0,69,837.0
1604,8895654.0,1418,10.0
1605,8895654.0,1236,10.0
1606,8895654.0,1237,10.0
1607,9339750.0,1429,28.0
1608,9339750.0,801,28.0
1609,1384539.0,1342,6258.0
1610,1384539.0,141,6258.0
1611,1384539.0,1117,6258.0
1612,3564452.0,1400,162.0
1613,3564452.0,1238,162.0
1614,3564452.0,173,162.0
1615,3124703.0,1379,116.0
1616,3124703.0,934,116.0
1617,3124703.0,691,116.0
1618,1959925.0,1501,184.0
1619,1959925.0,682,184.0
1620,1959925.0,683,184.0
1621,5224550.0,1378,46.0
1622,5224550.0,1181,46.0
1623,5224550.0,338,46.0
1624,5224550.0,503,46.0
1625,5224550.0,1186,46.0
1626,5655563.0,1418,21.0
1627,5655563.0,864,21.0
1628,2304504.0,1379,31.0
1629,2304504.0,106,31.0
1630,2304504.0,1187,31.0
1631,4485646.0,1418,85.0
1632,4485646.0,746,85.0
1633,4485646.0,638,85.0
1634,7995222.0,1391,31.0
1635,7995222.0,1267,31.0
1636,794725.0,1291,10.0
1637,794725.0,514,10.0
1638,794725.0,1036,10.0
1639,794725.0,922,10.0
1640,1307987.0,1284,2252.0
1641,1307987.0,105,2252.0
1642,1307987.0,489,2252.0
1643,1307987.0,660,2252.0
1644,1307987.0,312,2252.0
1645,2300597.0,1378,26342.0
1646,2300597.0,583,26342.0
1647,2300597.0,584,26342.0
1648,2782112.0,1458,692.0
1649,2782112.0,437,692.0
1650,1016383.0,1350,1831.0
1651,1016383.0,927,1831.0
1652,1016383.0,405,1831.0
1653,1368278.0,1428,57.0
1654,1368278.0,801,57.0
1655,1368278.0,35,57.0
1656,1368278.0,220,57.0
1657,912450.0,1287,4286.0
1658,912450.0,1105,4286.0
1659,912450.0,71,4286.0
1660,912450.0,77,4286.0
1661,3467733.0,1378,101.0
1662,3467733.0,694,101.0
1663,3467733.0,1042,101.0
1664,3467733.0,268,101.0
1665,3467733.0,582,101.0
1666,1070950.0,1304,345.0
1667,1070950.0,144,345.0
1668,1495686.0,1481,343.0
1669,1495686.0,630,343.0
1670,1495686.0,633,343.0
1671,9074961.0,1379,8.0
1672,9074961.0,825,8.0
1673,6920519.0,1340,24.0
1674,6920519.0,363,24.0
1675,7141390.0,1409,378.0
1676,7141390.0,864,378.0
1677,7141390.0,34,378.0
1678,6591743.0,1284,190.0
1679,6591743.0,58,190.0
1680,6591743.0,988,190.0
1681,6591743.0,55,190.0
1682,4952262.0,1422,483.0
1683,4952262.0,292,483.0
1684,3077173.0,1449,417.0
1685,3077173.0,604,417.0
1686,6723784.0,1382,3.0
1687,6723784.0,864,3.0
1688,779681.0,1389,2188.0
1689,249240.0,1342,94.0
1690,3166512.0,1284,64.0
1691,3166512.0,50,64.0
1692,3166512.0,52,64.0
1693,3166512.0,51,64.0
1694,1034042.0,1284,552.0
1695,1034042.0,42,552.0
1696,1034042.0,1259,552.0
1697,8532325.0,1379,617.0
1698,8532325.0,598,617.0
1699,9360267.0,1431,6.0
1700,9360267.0,647,6.0
1701,9360267.0,713,6.0
1702,9360267.0,1121,6.0
1703,7300810.0,1428,5.0
1704,7300810.0,240,5.0
1705,343825.0,1418,2604.0
1706,343825.0,598,2604.0
1707,343825.0,20,2604.0
1708,343825.0,662,2604.0
1709,343825.0,1081,2604.0
1710,2914980.0,1351,271.0
1711,2914980.0,299,271.0
1712,4003180.0,1310,125.0
1713,4003180.0,1,125.0
1714,4003180.0,236,125.0
1715,4003180.0,774,125.0
1716,456820.0,1426,431.0
1717,456820.0,1240,431.0
1718,3596471.0,1374,1.0
1719,3596471.0,715,1.0
1720,3596471.0,227,1.0
1721,2757344.0,1332,197.0
1722,2757344.0,191,197.0
1723,2757344.0,316,197.0
1724,87584.0,1356,4265.0
1725,87584.0,1165,4265.0
1726,423940.0,1428,532.0
1727,423940.0,907,532.0
1728,423940.0,957,532.0
1729,423940.0,333,532.0
1730,2552786.0,1332,161.0
1731,2552786.0,906,161.0
1732,2552786.0,802,161.0
1733,5082406.0,1428,1196.0
1734,5082406.0,507,1196.0
1735,5082406.0,894,1196.0
1736,1060785.0,1377,6053.0
1737,1060785.0,1252,6053.0
1738,6002555.0,1418,83.0
1739,6002555.0,812,83.0
1740,6002555.0,814,83.0
1741,4349742.0,1284,3.0
1742,4349742.0,598,3.0
1743,4349742.0,517,3.0
1744,4349742.0,257,3.0
1745,4349742.0,715,3.0
1746,8235763.0,1464,81.0
1747,8235763.0,78,81.0
1748,8235763.0,1050,81.0
1749,8235763.0,1022,81.0
1750,8235763.0,26,81.0
1751,3162852.0,1379,17.0
1752,3162852.0,198,17.0
1753,3162852.0,468,17.0
1754,3162852.0,487,17.0
1755,9360102.0,1347,3.0
1756,9360102.0,391,3.0
1757,3290623.0,1284,997.0
1758,3290623.0,40,997.0
1759,3290623.0,47,997.0
1760,1029059.0,1418,3381.0
1761,1029059.0,479,3381.0
1762,1029059.0,90,3381.0
1763,1029059.0,481,3381.0
1764,1029059.0,1185,3381.0
1765,546033.0,1310,1152.0
1766,546033.0,108,1152.0
1767,546033.0,2,1152.0
1768,546033.0,109,1152.0
1769,546033.0,326,1152.0
1770,965850.0,1492,147.0
1771,1170782.0,1296,18.0
1772,1170782.0,1191,18.0
1773,1170782.0,110,18.0
1774,7495654.0,1354,16.0
1775,7495654.0,443,16.0
1776,7495654.0,250,16.0
1777,7495654.0,645,16.0
1778,5430304.0,1296,63.0
1779,5430304.0,1023,63.0
1780,1650907.0,1379,1065.0
1781,1650907.0,765,1065.0
1782,1650907.0,1215,1065.0
1783,1650907.0,1216,1065.0
1784,3588142.0,1332,89.0
1785,3588142.0,234,89.0
1786,3588142.0,233,89.0
1787,3126810.0,1355,18.0
1788,3126810.0,586,18.0
1789,3126810.0,293,18.0
1790,3126810.0,827,18.0
1791,6580021.0,1484,309.0
1792,6580021.0,1203,309.0
1793,6580021.0,1202,309.0
1794,6580021.0,1205,309.0
1795,1740948.0,1310,103.0
1796,1740948.0,204,103.0
1797,1740948.0,810,103.0
1798,1740948.0,822,103.0
1799,5471259.0,1333,1044.0
1800,5471259.0,2,1044.0
1801,5471259.0,75,1044.0
1802,5471259.0,1198,1044.0
1803,5471259.0,1200,1044.0
1804,7544584.0,1310,1.0
1805,7544584.0,1232,1.0
1806,2559709.0,1440,3569.0
1807,3437710.0,1378,116.0
1808,3437710.0,1116,116.0
1809,6935982.0,1379,21.0
1810,6935982.0,1006,21.0
1811,6935982.0,1224,21.0
1812,6935982.0,951,21.0
1813,6915206.0,1332,7.0
1814,6915206.0,902,7.0
1815,6915206.0,891,7.0
1816,1892635.0,1418,2068.0
1817,1892635.0,532,2068.0
1818,1892635.0,234,2068.0
1819,1892635.0,1005,2068.0
1820,7356702.0,1379,15.0
1821,7356702.0,106,15.0
1822,5151703.0,1363,405.0
1823,98525.0,1332,5331.0
1824,98525.0,320,5331.0
1825,7757060.0,1428,3.0
1826,7352793.0,1323,1.0
1827,7352793.0,846,1.0
1828,2642059.0,1312,19144.0
1829,2642059.0,1073,19144.0
1830,2642059.0,570,19144.0
1831,2642059.0,1075,19144.0
1832,475727.0,1410,8099.0
1833,475727.0,1192,8099.0
1834,475727.0,1231,8099.0
1835,1826788.0,1456,382.0
1836,6527049.0,1310,2888.0
1837,6527049.0,1054,2888.0
1838,6527049.0,108,2888.0
1839,6527049.0,1265,2888.0
1840,6527049.0,117,2888.0
1841,75642.0,1285,73803.0
1842,75642.0,1130,73803.0
1843,75642.0,724,73803.0
1844,75642.0,75,73803.0
1845,6039640.0,1378,112.0
1846,6039640.0,610,112.0
1847,6039640.0,1078,112.0
1848,6039640.0,1079,112.0
1849,5701640.0,1509,90.0
1850,5701640.0,817,90.0
1851,5701640.0,796,90.0
1852,6808474.0,1379,2048.0
1853,6808474.0,1130,2048.0
1854,6808474.0,356,2048.0
1855,2198651.0,1467,347.0
1856,2437833.0,1501,1.0
1857,2437833.0,303,1.0
1858,2967667.0,1379,139.0
1859,2967667.0,468,139.0
1860,2967667.0,470,139.0
1861,2967667.0,471,139.0
1862,2967667.0,483,139.0
1863,4757638.0,1379,61.0
1864,4757638.0,566,61.0
1865,4757638.0,1091,61.0
1866,4757638.0,1261,61.0
1867,4757638.0,1233,61.0
1868,4896472.0,1284,98.0
1869,4896472.0,56,98.0
1870,4896472.0,442,98.0
1871,430531.0,1329,1271.0
1872,430531.0,1192,1271.0
1873,430531.0,1062,1271.0
1874,4754286.0,1359,161.0
1875,7057528.0,1428,511.0
1876,7057528.0,654,511.0
1877,7057528.0,447,511.0
1878,2751596.0,1378,967.0
1879,2751596.0,765,967.0
1880,2751596.0,372,967.0
1881,2751596.0,837,967.0
1882,229792.0,1313,10839.0
1883,229792.0,324,10839.0
1884,229792.0,670,10839.0
1885,229792.0,325,10839.0
1886,5430073.0,1294,38.0
1887,5430073.0,501,38.0
1888,6554634.0,1285,3116.0
1889,6554634.0,68,3116.0
1890,2594250.0,1379,427.0
1891,2594250.0,1203,427.0
1892,9359938.0,1330,1.0
1893,9359938.0,1192,1.0
1894,9359938.0,878,1.0
1895,5052976.0,1392,1341.0
1896,5052976.0,734,1341.0
1897,5052976.0,729,1341.0
1898,850366.0,1379,2963.0
1899,8807284.0,1382,9.0
1900,8807284.0,586,9.0
1901,8807284.0,711,9.0
1902,8212789.0,1379,3.0
1903,8212789.0,516,3.0
1904,8212789.0,254,3.0
1905,8287435.0,1428,137.0
1906,8287435.0,692,137.0
1907,8287435.0,918,137.0
1908,7795969.0,1409,90.0
1909,7795969.0,74,90.0
1910,7795969.0,767,90.0
1911,7795969.0,763,90.0
1912,7795969.0,764,90.0
1913,7113841.0,1458,46.0
1914,3904333.0,1379,176.0
1915,3904333.0,841,176.0
1916,3904333.0,581,176.0
1917,3904333.0,357,176.0
1918,3231471.0,1418,6.0
1919,3231471.0,20,6.0
1920,3231471.0,1236,6.0
1921,3231471.0,1234,6.0
1922,3231471.0,1013,6.0
1923,5328686.0,1464,182.0
1924,5328686.0,1152,182.0
1925,5328686.0,1143,182.0
1926,5328686.0,1153,182.0
1927,423839.0,1379,4884.0
1928,423839.0,1204,4884.0
1929,1315009.0,1418,5170.0
1930,1315009.0,542,5170.0
1931,1315009.0,870,5170.0
1932,1315009.0,547,5170.0
1933,8908267.0,1381,69.0
1934,8908267.0,107,69.0
1935,8908267.0,493,69.0
1936,7553788.0,1352,8.0
1937,7553788.0,419,8.0
1938,624069.0,1378,31541.0
1939,624069.0,36,31541.0
1940,624069.0,1054,31541.0
1941,624069.0,1055,31541.0
1942,624069.0,57,31541.0
1943,1676841.0,1300,432.0
1944,1676841.0,758,432.0
1945,1676841.0,970,432.0
1946,1676841.0,521,432.0
1947,9254817.0,1287,149.0
1948,9254817.0,288,149.0
1949,5925418.0,1371,27.0
1950,5925418.0,1236,27.0
1951,6741241.0,1435,300.0
1952,6741241.0,926,300.0
1953,5227605.0,1428,48.0
1954,5227605.0,784,48.0
1955,5227605.0,1107,48.0
1956,3897591.0,1439,226.0
1957,3897591.0,864,226.0
1958,3897591.0,91,226.0
1959,3897591.0,9,226.0
1960,3897591.0,252,226.0
1961,1455665.0,1290,76.0
1962,1455665.0,616,76.0
1963,73137.0,1378,3519.0
1964,73137.0,742,3519.0
1965,1349450.0,1392,384.0
1966,1349450.0,651,384.0
1967,1349450.0,622,384.0
1968,1349450.0,1101,384.0
1969,8109504.0,1378,114.0
1970,8109504.0,1183,114.0
1971,8109504.0,17,114.0
1972,4125803.0,1439,138.0
1973,4125803.0,967,138.0
1974,4125803.0,917,138.0
1975,4125803.0,996,138.0
1976,7384435.0,1285,709.0
1977,7384435.0,571,709.0
1978,7384435.0,618,709.0
1979,4336375.0,1284,96.0
1980,4336375.0,1262,96.0
1981,4336375.0,1024,96.0
1982,1661049.0,1378,654.0
1983,1661049.0,499,654.0
1984,1661049.0,87,654.0
1985,1661049.0,506,654.0
1986,1661049.0,280,654.0
1987,468910.0,1325,2416.0
1988,468910.0,987,2416.0
1989,468910.0,821,2416.0
1990,468910.0,1119,2416.0
1991,468910.0,193,2416.0
1992,1059716.0,1415,69.0
1993,5257653.0,1464,63.0
1994,5257653.0,1152,63.0
1995,3733561.0,1377,1122.0
1996,3733561.0,1252,1122.0
1997,3733561.0,1255,1122.0
1998,5433896.0,1420,125.0
1999,5433896.0,35,125.0
2000,5433896.0,1184,125.0
2001,5433896.0,220,125.0
2002,2504434.0,1381,76.0
2003,2504434.0,517,76.0
2004,2504434.0,257,76.0
2005,6438795.0,1310,85.0
2006,6591278.0,1349,1305.0
2007,1626977.0,1428,2683.0
2008,1626977.0,956,2683.0
2009,1626977.0,905,2683.0
2010,1626977.0,960,2683.0
2011,7636024.0,1378,102.0
2012,7636024.0,1042,102.0
2013,5005449.0,1418,21.0
2014,5005449.0,850,21.0
2015,5005449.0,1251,21.0
2016,5005449.0,437,21.0
2017,9188324.0,1458,348.0
2018,849986.0,1380,1699.0
2019,849986.0,588,1699.0
2020,2757344.0,1332,197.0
2021,2757344.0,315,197.0
2022,2757344.0,321,197.0
2023,2757344.0,316,197.0
2024,30512.0,1294,5655.0
2025,30512.0,112,5655.0
2026,30512.0,234,5655.0
2027,30512.0,114,5655.0
2028,30512.0,110,5655.0
2029,7394383.0,1379,5.0
2030,7394383.0,598,5.0
2031,7394383.0,468,5.0
2032,9359876.0,1451,1.0
2033,1936024.0,1332,1338.0
2034,1936024.0,319,1338.0
2035,474311.0,1393,391.0
2036,474311.0,505,391.0
2037,474311.0,1072,391.0
2038,474311.0,725,391.0
2039,8025312.0,1377,54.0
2040,8025312.0,1091,54.0
2041,8025312.0,1157,54.0
2042,8025312.0,1139,54.0
2043,8025312.0,1147,54.0
2044,2195000.0,1409,348.0
2045,2195000.0,726,348.0
2046,2195000.0,395,348.0
2047,2195000.0,18,348.0
2048,42473.0,1338,4523.0
2049,42473.0,1030,4523.0
2050,1798319.0,1310,59.0
2051,1798319.0,107,59.0
2052,1798319.0,1020,59.0
2053,1798319.0,434,59.0
2054,7746365.0,1379,145.0
2055,7746365.0,254,145.0
2056,968344.0,1409,307.0
2057,968344.0,395,307.0
2058,968344.0,785,307.0
2059,1731057.0,1379,1959.0
2060,1731057.0,355,1959.0
2061,4866624.0,1418,1717.0
2062,4866624.0,638,1717.0
2063,4866624.0,127,1717.0
2064,4866624.0,639,1717.0
2065,4866624.0,961,1717.0
2066,1058195.0,1462,130.0
2067,5470144.0,1428,1360.0
2068,5470144.0,896,1360.0
2069,5470144.0,897,1360.0
2070,5470144.0,909,1360.0
2071,2767422.0,1285,1.0
2072,2767422.0,66,1.0
2073,2767422.0,629,1.0
2074,970900.0,1405,18.0
2075,970900.0,981,18.0
2076,970900.0,87,18.0
2077,970900.0,136,18.0
2078,2455407.0,1381,1394.0
2079,8240993.0,1287,168.0
2080,8240993.0,533,168.0
2081,8240993.0,873,168.0
2082,8240993.0,251,168.0
2083,8240993.0,977,168.0
2084,6366458.0,1287,610.0
2085,6366458.0,517,610.0
2086,1605928.0,1418,743.0
2087,1605928.0,1097,743.0
2088,1605928.0,510,743.0
2089,1605928.0,511,743.0
2090,8305660.0,1428,645.0
2091,8305660.0,606,645.0
2092,8305660.0,829,645.0
2093,2674003.0,1445,911.0
2094,2674003.0,372,911.0
2095,2674003.0,479,911.0
2096,2674003.0,478,911.0
2097,1665791.0,1333,33.0
2098,1665791.0,407,33.0
2099,1665791.0,786,33.0
2100,1665791.0,266,33.0
2101,6060754.0,1506,197.0
2102,1031783.0,1273,628.0
2103,1031783.0,1239,628.0
2104,1031783.0,282,628.0
2105,1183316.0,1335,384.0
2106,1183316.0,1263,384.0
2107,1183316.0,669,384.0
2108,3007690.0,1379,64.0
2109,3007690.0,765,64.0
2110,3007690.0,1261,64.0
2111,7153633.0,1428,2.0
2112,7153633.0,532,2.0
2113,7153633.0,1115,2.0
2114,7153633.0,1221,2.0
2115,7153633.0,199,2.0
2116,2462930.0,1381,28.0
2117,2462930.0,601,28.0
2118,2462930.0,602,28.0
2119,958464.0,1378,4799.0
2120,958464.0,362,4799.0
2121,958464.0,573,4799.0
2122,958464.0,1230,4799.0
2123,7909650.0,1287,13.0
2124,7909650.0,418,13.0
2125,7909650.0,477,13.0
2126,7909650.0,424,13.0
2127,4394282.0,1336,6.0
2128,4394282.0,123,6.0
2129,4394282.0,124,6.0
2130,5380981.0,1284,1652.0
2131,5380981.0,1236,1652.0
2132,5380981.0,91,1652.0
2133,2244081.0,1430,1906.0
2134,2244081.0,799,1906.0
2135,2244081.0,404,1906.0
2136,2244081.0,561,1906.0
2137,4085041.0,1379,95.0
2138,4085041.0,598,95.0
2139,4085041.0,20,95.0
2140,5740382.0,1379,1688.0
2141,5740382.0,401,1688.0
2142,5740382.0,402,1688.0
2143,5740382.0,228,1688.0
2144,1072040.0,1347,565.0
2145,1072040.0,1257,565.0
2146,1072040.0,390,565.0
2147,5202960.0,1504,280.0
2148,6928258.0,1379,701.0
2149,6928258.0,598,701.0
2150,6928258.0,516,701.0
2151,6928258.0,254,701.0
2152,6928258.0,704,701.0
2153,8209968.0,1284,39.0
2154,8209968.0,58,39.0
2155,8209968.0,48,39.0
2156,4010950.0,1312,356.0
2157,4010950.0,984,356.0
2158,4010950.0,550,356.0
2159,667147.0,1279,2478.0
2160,8023836.0,1428,392.0
2161,8023836.0,313,392.0
2162,8023836.0,319,392.0
2163,1014217.0,1310,8290.0
2164,1014217.0,107,8290.0
2165,1014217.0,1161,8290.0
2166,1014217.0,992,8290.0
2167,1014217.0,108,8290.0
2168,5561875.0,1358,995.0
2169,5561875.0,788,995.0
2170,5561875.0,161,995.0
2171,5561875.0,162,995.0
2172,5858383.0,1392,7.0
2173,5858383.0,157,7.0
2174,5858383.0,1010,7.0
2175,4452100.0,1305,65.0
2176,4452100.0,153,65.0
2177,4452100.0,154,65.0
2178,1948011.0,1442,74.0
2179,7025997.0,1379,446.0
2180,7025997.0,598,446.0
2181,7025997.0,519,446.0
2182,7025997.0,526,446.0
2183,228660.0,1428,4482.0
2184,228660.0,523,4482.0
2185,453803.0,1502,15508.0
2186,453803.0,657,15508.0
2187,453803.0,206,15508.0
2188,2647934.0,1378,11.0
2189,294632.0,1352,4869.0
2190,294632.0,479,4869.0
2191,294632.0,485,4869.0
2192,440502.0,1379,66686.0
2193,440502.0,270,66686.0
2194,440502.0,1087,66686.0
2195,440502.0,277,66686.0
2196,9359356.0,1402,51.0
2197,6827639.0,1284,1.0
2198,8090964.0,1457,154.0
2199,8090964.0,1052,154.0
2200,8090964.0,1123,154.0
2201,8090964.0,1060,154.0
2202,1951392.0,1474,662.0
2203,1951392.0,1039,662.0
2204,1951392.0,1040,662.0
2205,4846599.0,1355,39.0
2206,4846599.0,586,39.0
2207,4846599.0,163,39.0
2208,4846599.0,587,39.0
2209,2374626.0,1405,1713.0
2210,2374626.0,1173,1713.0
2211,2374626.0,197,1713.0
2212,2374626.0,1125,1713.0
2213,2374626.0,569,1713.0
2214,166556.0,1343,6165.0
2215,166556.0,140,6165.0
2216,166556.0,144,6165.0
2217,4123795.0,1344,67.0
2218,4123795.0,359,67.0
2219,4123795.0,116,67.0
2220,4123795.0,793,67.0
2221,8135259.0,1378,10.0
2222,8135259.0,207,10.0
2223,8135259.0,659,10.0
2224,8135259.0,643,10.0
2225,7762963.0,1428,94.0
2226,7762963.0,992,94.0
2227,7762963.0,1210,94.0
2228,476828.0,1387,4417.0
2229,1020131.0,1274,539.0
2230,1020131.0,875,539.0
2231,1020131.0,623,539.0
2232,6541270.0,1412,1.0
2233,4763182.0,1379,61.0
2234,4763182.0,598,61.0
2235,1996443.0,1379,1315.0
2236,1996443.0,76,1315.0
2237,533732.0,1310,449.0
2238,533732.0,374,449.0
2239,1917867.0,1285,285.0
2240,1917867.0,828,285.0
2241,1917867.0,67,285.0
2242,7547879.0,1312,11.0
2243,7547879.0,1252,11.0
2244,7547879.0,118,11.0
2245,7547879.0,552,11.0
2246,1467876.0,1409,171.0
2247,1467876.0,327,171.0
2248,1467876.0,1083,171.0
2249,1467876.0,1137,171.0
2250,4528276.0,1377,2188.0
2251,4528276.0,567,2188.0
2252,4528276.0,1091,2188.0
2253,4528276.0,1252,2188.0
2254,4528276.0,1018,2188.0
2255,2197109.0,1418,33.0
2256,2197109.0,638,33.0
2257,2197109.0,372,33.0
2258,2197109.0,639,33.0
2259,2197109.0,366,33.0
2260,8783685.0,1400,190.0
2261,8783685.0,463,190.0
2262,8783685.0,406,190.0
2263,8783685.0,888,190.0
2264,8510716.0,1428,28.0
2265,8510716.0,1210,28.0
2266,8510716.0,158,28.0
2267,6083135.0,1284,146.0
2268,6083135.0,630,146.0
2269,6083135.0,631,146.0
2270,2718064.0,1369,4408.0
2271,7478109.0,1332,31.0
2272,7478109.0,497,31.0
2273,2062965.0,1428,652.0
2274,2062965.0,902,652.0
2275,2062965.0,204,652.0
2276,2455407.0,1381,1394.0
2277,2455407.0,606,1394.0
2278,8002058.0,1379,87.0
2279,8002058.0,934,87.0
2280,8002058.0,927,87.0
2281,1448316.0,1284,1887.0
2282,1448316.0,625,1887.0
2283,7965623.0,1298,11.0
2284,7965623.0,689,11.0
2285,4537150.0,1409,553.0
2286,4537150.0,91,553.0
2287,4537150.0,1129,553.0
2288,9307064.0,1312,31.0
2289,9307064.0,440,31.0
2290,8132723.0,1379,546.0
2291,8132723.0,488,546.0
2292,3289652.0,1379,104.0
2293,3289652.0,533,104.0
2294,3289652.0,453,104.0
2295,2522720.0,1463,61.0
2296,2522720.0,311,61.0
2297,2522720.0,239,61.0
2298,2522720.0,385,61.0
2299,2522720.0,995,61.0
2300,4925134.0,1310,2502.0
2301,4925134.0,107,2502.0
2302,4925134.0,112,2502.0
2303,4925134.0,113,2502.0
2304,8908267.0,1379,69.0
2305,8908267.0,598,69.0
2306,8908267.0,107,69.0
2307,7029721.0,1428,802.0
2308,7029721.0,1107,802.0
2309,7029721.0,1106,802.0
2310,396472.0,1379,2303.0
2311,396472.0,765,2303.0
2312,8666165.0,1429,106.0
2313,8666165.0,294,106.0
2314,8666165.0,1192,106.0
2315,8666165.0,495,106.0
2316,8666165.0,617,106.0
2317,3142049.0,1469,365.0
2318,7269433.0,1379,626.0
2319,7269433.0,598,626.0
2320,1606349.0,1321,449.0
2321,1606349.0,743,449.0
2322,598203.0,1285,1648.0
2323,598203.0,331,1648.0
2324,598203.0,332,1648.0
2325,598203.0,1128,1648.0
2326,1060785.0,1377,6053.0
2327,1060785.0,1091,6053.0
2328,1060785.0,1252,6053.0
2329,4806903.0,1378,384.0
2330,4806903.0,956,384.0
2331,4806903.0,519,384.0
2332,4806903.0,590,384.0
2333,4806903.0,361,384.0
2334,5437049.0,1284,59.0
2335,5437049.0,490,59.0
2336,5437049.0,48,59.0
2337,7177640.0,1438,771.0
2338,7177640.0,450,771.0
2339,7177640.0,959,771.0
2340,6011574.0,1379,849.0
2341,2280374.0,1310,3297.0
2342,2280374.0,942,3297.0
2343,3460813.0,1409,464.0
2344,3460813.0,171,464.0
2345,808486.0,1310,50542.0
2346,808486.0,1,50542.0
2347,808486.0,2,50542.0
2348,3590660.0,1388,195.0
2349,3590660.0,636,195.0
2350,3590660.0,637,195.0
2351,1019498.0,1284,517.0
2352,1019498.0,12,517.0
2353,1019498.0,345,517.0
2354,5829363.0,1428,13.0
2355,5829363.0,106,13.0
2356,5829363.0,1073,13.0
2357,5829363.0,741,13.0
2358,5829363.0,554,13.0
2359,1771213.0,1419,1875.0
2360,1771213.0,848,1875.0
2361,1771213.0,498,1875.0
2362,1771213.0,1099,1875.0
2363,2508411.0,1379,1323.0
2364,2508411.0,1001,1323.0
2365,6619441.0,1379,568.0
2366,6619441.0,36,568.0
2367,6619441.0,1220,568.0
2368,6419697.0,1310,19.0
2369,6419697.0,1052,19.0
2370,6419697.0,950,19.0
2371,607314.0,1458,35479.0
2372,607314.0,1123,35479.0
2373,607314.0,938,35479.0
2374,607314.0,215,35479.0
2375,1065547.0,1378,793.0
2376,1065547.0,559,793.0
2377,7512602.0,1310,26.0
2378,7512602.0,285,26.0
2379,84852.0,1489,7130.0
2380,84852.0,461,7130.0
2381,84852.0,232,7130.0
2382,84852.0,1197,7130.0
2383,2734348.0,1379,330.0
2384,2734348.0,76,330.0
2385,2734348.0,175,330.0
2386,2734348.0,1019,330.0
2387,3879316.0,1284,6.0
2388,3879316.0,418,6.0
2389,3879316.0,421,6.0
2390,8532487.0,1431,135.0
2391,8532487.0,1037,135.0
2392,5601151.0,1431,581.0
2393,5601151.0,688,581.0
2394,5601151.0,914,581.0
2395,7339599.0,1428,399.0
2396,7339599.0,313,399.0
2397,7339599.0,314,399.0
2398,5691197.0,1378,110.0
2399,5691197.0,954,110.0
2400,7052574.0,1379,91.0
2401,6021482.0,1443,108.0
2402,6021482.0,978,108.0
2403,7262822.0,1379,550.0
2404,7262822.0,606,550.0
2405,7262822.0,609,550.0
2406,7262822.0,27,550.0
2407,8886527.0,1505,1.0
2408,8886527.0,1248,1.0
2409,8886527.0,1191,1.0
2410,8886527.0,1085,1.0
2411,8886527.0,1193,1.0
2412,5697383.0,1326,366.0
2413,5697383.0,544,366.0
2414,5697383.0,711,366.0
2415,5697383.0,343,366.0
2416,5697383.0,545,366.0
2417,5136577.0,1377,109.0
2418,5136577.0,1091,109.0
2419,5136577.0,1141,109.0
2420,5136577.0,1142,109.0
2421,5136577.0,1140,109.0
2422,9350419.0,1431,64.0
2423,9359382.0,1412,13.0
2424,9359382.0,1148,13.0
2425,9359459.0,1281,56.0
2426,9359459.0,938,56.0
2427,9359459.0,811,56.0
2428,9359459.0,791,56.0
2429,1039278.0,1284,3335.0
2430,1039278.0,490,3335.0
2431,1039278.0,48,3335.0
2432,8603106.0,1381,110.0
2433,8603106.0,765,110.0
2434,8603106.0,726,110.0
2435,8603106.0,728,110.0
2436,652528.0,1428,468.0
2437,652528.0,1182,468.0
2438,652528.0,585,468.0
2439,475727.0,1300,8099.0
2440,475727.0,108,8099.0
2441,475727.0,563,8099.0
2442,475727.0,109,8099.0
2443,2382034.0,1287,700.0
2444,2382034.0,70,700.0
2445,1786755.0,1381,815.0
2446,7751231.0,1377,29.0
2447,7751231.0,790,29.0
2448,7751231.0,194,29.0
2449,7751231.0,195,29.0
2450,6741241.0,1435,300.0
2451,6741241.0,642,300.0
2452,6741241.0,926,300.0
2453,3145679.0,1331,605.0
2454,3145679.0,224,605.0
2455,3145679.0,805,605.0
2456,3145679.0,231,605.0
2457,3145679.0,3,605.0
2458,4984066.0,1428,635.0
2459,4984066.0,829,635.0
2460,4984066.0,784,635.0
2461,9359186.0,1431,11.0
2462,9359186.0,455,11.0
2463,9359186.0,876,11.0
2464,5498757.0,1317,105.0
2465,5498757.0,309,105.0
2466,3556019.0,1378,1.0
2467,3556019.0,1041,1.0
2468,1470956.0,1306,257.0
2469,1470956.0,1010,257.0
2470,1470956.0,1163,257.0
2471,1470956.0,939,257.0
2472,726802.0,1494,1717.0
2473,6374311.0,1379,1.0
2474,6374311.0,572,1.0
2475,6374311.0,1048,1.0
2476,9341410.0,1439,14.0
2477,9341410.0,967,14.0
2478,8414030.0,1428,105.0
2479,8414030.0,313,105.0
2480,8414030.0,318,105.0
2481,7295609.0,1371,77.0
2482,7295609.0,254,77.0
2483,7295609.0,200,77.0
2484,7295609.0,167,77.0
2485,7295609.0,170,77.0
2486,7919451.0,1431,128.0
2487,7919451.0,222,128.0
2488,7919451.0,1086,128.0
2489,7919451.0,861,128.0
2490,7919451.0,242,128.0
2491,3541558.0,1428,129.0
2492,3541558.0,864,129.0
2493,3541558.0,140,129.0
2494,3541558.0,149,129.0
2495,8941046.0,1372,73.0
2496,8941046.0,62,73.0
2497,8941046.0,1130,73.0
2498,8941046.0,518,73.0
2499,1778173.0,1285,190.0
2500,1778173.0,1130,190.0
2501,1778173.0,273,190.0
2502,6229541.0,1378,6.0
2503,6229541.0,752,6.0
2504,9068206.0,1379,110.0
2505,9068206.0,598,110.0
2506,9068206.0,712,110.0
2507,1676700.0,1377,1852.0
2508,1676700.0,1091,1852.0
2509,1676700.0,1156,1852.0
2510,1676700.0,1093,1852.0
2511,5470728.0,1405,701.0
2512,3794580.0,1459,43.0
2513,3794580.0,437,43.0
2514,3794580.0,919,43.0
2515,430531.0,1491,1271.0
2516,430531.0,174,1271.0
2517,4658437.0,1355,38.0
2518,4658437.0,172,38.0
2519,4658437.0,944,38.0
2520,99816.0,1313,644.0
2521,99816.0,758,644.0
2522,99816.0,1000,644.0
2523,99816.0,1180,644.0
2524,5224550.0,1284,46.0
2525,5224550.0,43,46.0
2526,5224550.0,489,46.0
2527,5224550.0,12,46.0
2528,5224550.0,95,46.0
2529,7981430.0,1439,20.0
2530,7981430.0,963,20.0
2531,7981430.0,969,20.0
2532,7981430.0,334,20.0
2533,2427078.0,1378,258.0
2534,2427078.0,82,258.0
2535,2427078.0,86,258.0
2536,2427078.0,980,258.0
2537,2427078.0,1256,258.0
2538,3666896.0,1293,28.0
2539,3666896.0,1203,28.0
2540,3666896.0,346,28.0
2541,7653269.0,1379,70.0
2542,7653269.0,106,70.0
2543,7653269.0,934,70.0
2544,5911898.0,1457,15.0
2545,5911898.0,1052,15.0
2546,5911898.0,703,15.0
2547,9205173.0,1407,76.0
2548,9205173.0,365,76.0
2549,9205173.0,845,76.0
2550,229686.0,1377,13130.0
2551,229686.0,1252,13130.0
2552,27404.0,1386,3433.0
2553,27404.0,238,3433.0
2554,26221.0,1353,3033.0
2555,26221.0,454,3033.0
2556,5305817.0,1377,504.0
2557,5305817.0,790,504.0
2558,5305817.0,1152,504.0
2559,1573279.0,1284,6625.0
2560,6555096.0,1347,223.0
2561,6555096.0,391,223.0
2562,6555096.0,388,223.0
2563,6555096.0,819,223.0
2564,588868.0,1366,27255.0
2565,588868.0,496,27255.0
2566,328864.0,1310,4005.0
2567,328864.0,1,4005.0
2568,328864.0,762,4005.0
2569,5005026.0,1315,313.0
2570,5558526.0,1471,527.0
2571,5558526.0,1191,527.0
2572,4237799.0,1439,15.0
2573,7899563.0,1352,547.0
2574,7899563.0,479,547.0
2575,7899563.0,481,547.0
2576,6929993.0,1454,11.0
2577,6929993.0,694,11.0
2578,6929993.0,1048,11.0
2579,6929993.0,700,11.0
2580,6929993.0,696,11.0
2581,2421916.0,1428,1235.0
2582,2421916.0,898,1235.0
2583,4083475.0,1418,368.0
2584,4083475.0,82,368.0
2585,4083475.0,848,368.0
2586,5282448.0,1486,25.0
2587,5282448.0,391,25.0
2588,1348124.0,1285,332.0
2589,1348124.0,1130,332.0
2590,1348124.0,192,332.0
2591,1348124.0,1067,332.0
2592,9279361.0,1379,49.0
2593,9279361.0,765,49.0
2594,9279361.0,380,49.0
2595,9279361.0,880,49.0
2596,9279361.0,1112,49.0
2597,168425.0,1287,8271.0
2598,168425.0,884,8271.0
2599,6302814.0,1311,13.0
2600,6302814.0,650,13.0
2601,6302814.0,1260,13.0
2602,6302814.0,274,13.0
2603,3115317.0,1418,553.0
2604,3115317.0,1236,553.0
2605,3240813.0,1477,375.0
2606,3240813.0,382,375.0
2607,3240813.0,1131,375.0
2608,3240813.0,21,375.0
2609,6752111.0,1446,19.0
2610,6752111.0,1264,19.0
2611,6752111.0,993,19.0
2612,6752111.0,1212,19.0
2613,2710459.0,1428,56.0
2614,2710459.0,1107,56.0
2615,2710459.0,1106,56.0
2616,9242694.0,1409,5.0
2617,9242694.0,395,5.0
2618,9242694.0,500,5.0
2619,314706.0,1450,349.0
2620,314706.0,1042,349.0
2621,314706.0,593,349.0
2622,314706.0,1004,349.0
2623,2975357.0,1379,321.0
2624,2975357.0,598,321.0
2625,5581523.0,1378,168.0
2626,5581523.0,1225,168.0
2627,5581523.0,579,168.0
2628,3124703.0,1435,116.0
2629,4517234.0,1308,1274.0
2630,4517234.0,515,1274.0
2631,4517234.0,284,1274.0
2632,1762777.0,1377,11.0
2633,1762777.0,567,11.0
2634,1762777.0,1252,11.0
2635,2194119.0,1378,453.0
2636,2194119.0,448,453.0
2637,2194119.0,573,453.0
2638,24587.0,1428,93987.0
2639,24587.0,412,93987.0
2640,3084005.0,1418,1074.0
2641,3084005.0,106,1074.0
2642,6624639.0,1378,47.0
2643,6624639.0,407,47.0
2644,6624639.0,578,47.0
2645,3943600.0,1378,991.0
2646,3943600.0,1161,991.0
2647,3943600.0,611,991.0
2648,3974449.0,1501,6.0
2649,3974449.0,1234,6.0
2650,6021920.0,1401,329.0
2651,1105417.0,1447,2722.0
2652,1105417.0,196,2722.0
2653,2005559.0,1284,978.0
2654,2005559.0,53,978.0
2655,2005559.0,46,978.0
2656,1652544.0,1422,371.0
2657,1652544.0,863,371.0
2658,5323955.0,1378,266.0
2659,5323955.0,742,266.0
2660,5323955.0,579,266.0
2661,9272267.0,1381,39.0
2662,9272267.0,516,39.0
2663,9272267.0,606,39.0
2664,9272267.0,112,39.0
2665,4228297.0,1352,154.0
2666,4228297.0,477,154.0
2667,4228297.0,423,154.0
2668,932037.0,1379,946.0
2669,932037.0,106,946.0
2670,932037.0,1035,946.0
2671,1468652.0,1287,2682.0
2672,1468652.0,571,2682.0
2673,1468652.0,619,2682.0
2674,2080535.0,1310,93.0
2675,2080535.0,432,93.0
2676,2080535.0,285,93.0
2677,2080535.0,283,93.0
2678,4494311.0,1418,12.0
2679,4494311.0,36,12.0
2680,4494311.0,212,12.0
2681,305135.0,1284,4630.0
2682,305135.0,641,4630.0
2683,305135.0,155,4630.0
2684,305135.0,955,4630.0
2685,305135.0,761,4630.0
2686,680026.0,1310,3625.0
2687,680026.0,1225,3625.0
2688,1051571.0,1378,59.0
2689,1051571.0,350,59.0
2690,1051571.0,353,59.0
2691,1051571.0,354,59.0
2692,1051571.0,351,59.0
2693,4724485.0,1428,18.0
2694,4724485.0,942,18.0
2695,4724485.0,902,18.0
2696,4724485.0,94,18.0
2697,184814.0,1418,6481.0
2698,184814.0,1236,6481.0
2699,194476.0,1444,4745.0
2700,194476.0,259,4745.0
2701,194476.0,87,4745.0
2702,6052637.0,1311,21.0
2703,6052637.0,445,21.0
2704,3883040.0,1464,1521.0
2705,3883040.0,1077,1521.0
2706,3883040.0,377,1521.0
2707,3883040.0,295,1521.0
2708,1348273.0,1312,7974.0
2709,1348273.0,185,7974.0
2710,1348273.0,219,7974.0
2711,1348273.0,661,7974.0
2712,1348273.0,6,7974.0
2713,1841839.0,1310,35515.0
2714,1841839.0,787,35515.0
2715,1841839.0,2,35515.0
2716,1841839.0,530,35515.0
2717,727219.0,1431,944.0
2718,727219.0,1011,944.0
2719,727219.0,1012,944.0
2720,4404269.0,1295,594.0
2721,4404269.0,110,594.0
2722,2382553.0,1378,21.0
2723,2382553.0,516,21.0
2724,2382553.0,276,21.0
2725,7855784.0,1338,708.0
2726,7855784.0,354,708.0
2727,7855784.0,921,708.0
2728,3351697.0,1399,505.0
2729,3351697.0,232,505.0
2730,3351697.0,755,505.0
2731,15410.0,1491,15402.0
2732,15410.0,716,15402.0
2733,15410.0,889,15402.0
2734,15410.0,1195,15402.0
2735,1009507.0,1418,895.0
2736,1009507.0,1051,895.0
2737,1009507.0,638,895.0
2738,2809530.0,1403,678.0
2739,2809530.0,727,678.0
2740,5820480.0,1439,96.0
2741,5820480.0,1100,96.0
2742,5820480.0,968,96.0
2743,5820480.0,935,96.0
2744,7569497.0,1374,3.0
2745,7569497.0,536,3.0
2746,7569497.0,111,3.0
2747,7569497.0,705,3.0
2748,7569497.0,538,3.0
2749,6477821.0,1381,26.0
2750,6477821.0,433,26.0
2751,6477821.0,1176,26.0
2752,588734.0,1310,4611.0
2753,588734.0,1031,4611.0
2754,588734.0,308,4611.0
2755,588734.0,1032,4611.0
2756,6577530.0,1478,26.0
2757,6577530.0,1134,26.0
2758,6577530.0,1132,26.0
2759,6577530.0,1133,26.0
2760,7459136.0,1397,23.0
2761,7459136.0,208,23.0
2762,7459136.0,1014,23.0
2763,2161613.0,1339,303.0
2764,2161613.0,859,303.0
2765,2161613.0,381,303.0
2766,1651978.0,1378,1385.0
2767,1651978.0,1226,1385.0
2768,1651978.0,577,1385.0
2769,1651978.0,596,1385.0
2770,8970113.0,1285,139.0
2771,8970113.0,1215,139.0
2772,8970113.0,63,139.0
2773,342743.0,1310,757.0
2774,342743.0,654,757.0
2775,342743.0,204,757.0
2776,2058219.0,1310,22.0
2777,2058219.0,493,22.0
2778,2058219.0,285,22.0
2779,2058219.0,306,22.0
2780,8962171.0,1428,1.0
2781,8962171.0,1058,1.0
2782,8962171.0,905,1.0
2783,8962171.0,839,1.0
2784,1820544.0,1379,365.0
2785,1820544.0,934,365.0
2786,1820544.0,929,365.0
2787,1647074.0,1377,2452.0
2788,1647074.0,567,2452.0
2789,1647074.0,1092,2452.0
2790,1647074.0,1093,2452.0
2791,1647074.0,416,2452.0
2792,3705777.0,1378,103.0
2793,3705777.0,576,103.0
2794,3409779.0,1371,3.0
2795,3409779.0,254,3.0
2796,3409779.0,425,3.0
2797,3409779.0,991,3.0
2798,7636024.0,1378,102.0
2799,9135239.0,1285,52.0
2800,9135239.0,757,52.0
2801,4797471.0,1500,13.0
2802,4797471.0,1226,13.0
2803,4797471.0,1227,13.0
2804,4797471.0,1065,13.0
2805,8376283.0,1418,16.0
2806,8376283.0,106,16.0
2807,8376283.0,346,16.0
2808,8376283.0,624,16.0
2809,9229318.0,1379,37.0
2810,9229318.0,1051,37.0
2811,9229318.0,606,37.0
2812,9229318.0,765,37.0
2813,1509853.0,1458,612.0
2814,1509853.0,1170,612.0
2815,1509853.0,1074,612.0
2816,3625317.0,1333,3099.0
2817,3625317.0,755,3099.0
2818,3625317.0,329,3099.0
2819,301502.0,1295,1094.0
2820,301502.0,110,1094.0
2821,301502.0,832,1094.0
2822,6555096.0,1347,223.0
2823,6555096.0,391,223.0
2824,6555096.0,388,223.0
2825,6555096.0,387,223.0
2826,1734730.0,1285,3311.0
2827,1734730.0,560,3311.0
2828,1734730.0,760,3311.0
2829,2132066.0,1309,96.0
2830,7580573.0,1286,5.0
2831,7580573.0,759,5.0
2832,3098395.0,1325,827.0
2833,3098395.0,257,827.0
2834,7213349.0,1284,53.0
2835,7213349.0,562,53.0
2836,7213349.0,974,53.0
2837,7213349.0,972,53.0
2838,7213349.0,336,53.0
2839,2459228.0,1367,1000.0
2840,2459228.0,1272,1000.0
2841,2459228.0,368,1000.0
2842,2459228.0,1268,1000.0
2843,7444801.0,1379,20.0
2844,7444801.0,927,20.0
2845,9358953.0,1433,1.0
2846,9358953.0,750,1.0
2847,57952.0,1371,15815.0
2848,57952.0,254,15815.0
2849,57952.0,427,15815.0
2850,57952.0,167,15815.0
2851,1320600.0,1418,21.0
2852,1320600.0,638,21.0
2853,1320600.0,639,21.0
2854,1320600.0,33,21.0
2855,1320600.0,413,21.0
2856,3729819.0,1458,566.0
2857,3729819.0,868,566.0
2858,3729819.0,1057,566.0
2859,1654229.0,1480,613.0
2860,1654229.0,862,613.0
2861,1654229.0,749,613.0
2862,859154.0,1285,69872.0
2863,859154.0,751,69872.0
2864,859154.0,73,69872.0
2865,3141377.0,1452,1.0
2866,3141377.0,1015,1.0
2867,8109504.0,1378,114.0
2868,8109504.0,557,114.0
2869,8109504.0,180,114.0
2870,3359782.0,1501,2564.0
2871,3359782.0,401,2564.0
2872,3359782.0,228,2564.0
2873,7643240.0,1377,20.0
2874,7643240.0,1091,20.0
2875,7643240.0,1092,20.0
2876,7643240.0,134,20.0
2877,2034794.0,1409,4752.0
2878,2034794.0,686,4752.0
2879,2034794.0,687,4752.0
2880,681548.0,1379,5064.0
2881,681548.0,934,5064.0
2882,681548.0,1215,5064.0
2883,1688565.0,1312,518.0
2884,1688565.0,1073,518.0
2885,3667938.0,1294,4564.0
2886,3667938.0,534,4564.0
2887,3667938.0,824,4564.0
2888,3667938.0,522,4564.0
2889,3667938.0,558,4564.0
2890,4823922.0,1485,1.0
2891,4823922.0,817,1.0
2892,4823922.0,392,1.0
2893,4390699.0,1355,1446.0
2894,4390699.0,459,1446.0
2895,4390699.0,460,1446.0
2896,5951420.0,1477,1005.0
2897,5951420.0,1203,1005.0
2898,5951420.0,1192,1005.0
2899,5065755.0,1284,150.0
2900,5065755.0,1069,150.0
2901,6117625.0,1428,427.0
2902,6117625.0,901,427.0
2903,38940.0,1342,10205.0
2904,38940.0,370,10205.0
2905,6331620.0,1284,33.0
2906,6331620.0,883,33.0
2907,6331620.0,1271,33.0
2908,2469474.0,1287,419.0
2909,9315566.0,1435,6.0
2910,9315566.0,418,6.0
2911,9315566.0,927,6.0
2912,9315566.0,422,6.0
2913,4911648.0,1428,612.0
2914,4911648.0,902,612.0
2915,4911648.0,784,612.0
2916,4911648.0,693,612.0
2917,2034750.0,1409,1083.0
2918,2034750.0,62,1083.0
2919,2034750.0,63,1083.0
2920,2034750.0,64,1083.0
2921,2335052.0,1284,266.0
2922,2335052.0,54,266.0
2923,2335052.0,806,266.0
2924,5273049.0,1418,222.0
2925,5273049.0,638,222.0
2926,5273049.0,335,222.0
2927,5273049.0,1235,222.0
2928,5273049.0,851,222.0
2929,5296523.0,1399,16.0
2930,5296523.0,695,16.0
2931,5296523.0,701,16.0
2932,5296523.0,699,16.0
2933,5296523.0,698,16.0
2934,4420355.0,1328,1670.0
2935,4420355.0,876,1670.0
2936,4420355.0,1160,1670.0
2937,86433.0,1399,2162.0
2938,86433.0,702,2162.0
2939,6525417.0,1418,163.0
2940,6525417.0,638,163.0
2941,6525417.0,999,163.0
2942,4614788.0,1285,493.0
2943,4614788.0,724,493.0
2944,4614788.0,74,493.0
2945,4614788.0,885,493.0
2946,4614788.0,953,493.0
2947,3403196.0,1431,1026.0
2948,3403196.0,799,1026.0
2949,3403196.0,549,1026.0
2950,3403196.0,205,1026.0
2951,3824217.0,1455,1.0
2952,3824217.0,1047,1.0
2953,3824217.0,690,1.0
2954,3824217.0,97,1.0
2955,5188608.0,1379,203.0
2956,5188608.0,880,203.0
2957,3771988.0,1348,158.0
2958,3771988.0,855,158.0
2959,8136061.0,1479,8.0
2960,8136061.0,555,8.0
2961,8136061.0,678,8.0
2962,8136061.0,679,8.0
2963,4619734.0,1379,587.0
2964,4619734.0,566,587.0
2965,4619734.0,765,587.0
2966,4619734.0,1091,587.0
2967,4619734.0,23,587.0
2968,1474264.0,1328,630.0
2969,1474264.0,546,630.0
2970,1474264.0,369,630.0
2971,1802154.0,1418,2213.0
2972,7256477.0,1379,372.0
2973,7256477.0,598,372.0
2974,7256477.0,76,372.0
2975,7256477.0,600,372.0
2976,4749315.0,1485,363.0
2977,4749315.0,1232,363.0
2978,4749315.0,952,363.0
2979,978842.0,1500,70.0
2980,978842.0,307,70.0
2981,978842.0,339,70.0
2982,6107079.0,1352,428.0
2983,6107079.0,422,428.0
2984,6107079.0,272,428.0
2985,6107079.0,429,428.0
2986,8132723.0,1318,546.0
2987,8132723.0,488,546.0
2988,8477745.0,1284,11.0
2989,8477745.0,927,11.0
2990,8477745.0,490,11.0
2991,8477745.0,928,11.0
